DATE,BAMLC0A0CM
20-12-2007,2.04
21-12-2007,2.03
24-12-2007,2.03
25-12-2007,.
26-12-2007,2.03
27-12-2007,2.03
28-12-2007,2.03
31-12-2007,2.03
01-01-2008,.
02-01-2008,2.05
03-01-2008,2.06
04-01-2008,2.09
07-01-2008,2.11
08-01-2008,2.12
09-01-2008,2.17
10-01-2008,2.17
11-01-2008,2.17
14-01-2008,2.16
15-01-2008,2.18
16-01-2008,2.19
17-01-2008,2.22
18-01-2008,2.24
21-01-2008,2.24
22-01-2008,2.31
23-01-2008,2.33
24-01-2008,2.3
25-01-2008,2.3
28-01-2008,2.29
29-01-2008,2.28
30-01-2008,2.29
31-01-2008,2.3
01-02-2008,2.3
04-02-2008,2.31
05-02-2008,2.31
06-02-2008,2.31
07-02-2008,2.33
08-02-2008,2.34
11-02-2008,2.36
12-02-2008,2.37
13-02-2008,2.38
14-02-2008,2.38
15-02-2008,2.39
18-02-2008,2.39
19-02-2008,2.39
20-02-2008,2.4
21-02-2008,2.41
22-02-2008,2.42
25-02-2008,2.42
26-02-2008,2.43
27-02-2008,2.44
28-02-2008,2.47
29-02-2008,2.52
03-03-2008,2.55
04-03-2008,2.6
05-03-2008,2.64
06-03-2008,2.72
07-03-2008,2.75
10-03-2008,2.8
11-03-2008,2.84
12-03-2008,2.86
13-03-2008,2.92
14-03-2008,2.97
17-03-2008,3.03
18-03-2008,3.02
19-03-2008,3.03
20-03-2008,3.05
21-03-2008,.
24-03-2008,3.01
25-03-2008,2.99
26-03-2008,2.98
27-03-2008,2.99
28-03-2008,2.99
31-03-2008,3
01-04-2008,2.98
02-04-2008,2.94
03-04-2008,2.92
04-04-2008,2.89
07-04-2008,2.85
08-04-2008,2.84
09-04-2008,2.86
10-04-2008,2.86
11-04-2008,2.87
14-04-2008,2.87
15-04-2008,2.85
16-04-2008,2.84
17-04-2008,2.82
18-04-2008,2.77
21-04-2008,2.74
22-04-2008,2.72
23-04-2008,2.7
24-04-2008,2.68
25-04-2008,2.67
28-04-2008,2.65
29-04-2008,2.63
30-04-2008,2.6
01-05-2008,2.57
02-05-2008,2.53
05-05-2008,2.52
06-05-2008,2.52
07-05-2008,2.52
08-05-2008,2.53
09-05-2008,2.53
12-05-2008,2.53
13-05-2008,2.51
14-05-2008,2.5
15-05-2008,2.5
16-05-2008,2.49
19-05-2008,2.49
20-05-2008,2.5
21-05-2008,2.5
22-05-2008,2.51
23-05-2008,2.52
26-05-2008,2.52
27-05-2008,2.53
28-05-2008,2.52
29-05-2008,2.5
30-05-2008,2.5
31-05-2008,2.48
02-06-2008,2.49
03-06-2008,2.5
04-06-2008,2.51
05-06-2008,2.5
06-06-2008,2.5
09-06-2008,2.48
10-06-2008,2.49
11-06-2008,2.5
12-06-2008,2.49
13-06-2008,2.49
16-06-2008,2.49
17-06-2008,2.48
18-06-2008,2.5
19-06-2008,2.5
20-06-2008,2.54
23-06-2008,2.55
24-06-2008,2.58
25-06-2008,2.59
26-06-2008,2.66
27-06-2008,2.68
30-06-2008,2.74
01-07-2008,2.77
02-07-2008,2.77
03-07-2008,2.79
04-07-2008,2.79
07-07-2008,2.79
08-07-2008,2.82
09-07-2008,2.84
10-07-2008,2.85
11-07-2008,2.88
14-07-2008,2.88
15-07-2008,2.94
16-07-2008,2.98
17-07-2008,2.97
18-07-2008,2.97
21-07-2008,2.96
22-07-2008,2.97
23-07-2008,2.94
24-07-2008,2.96
25-07-2008,2.96
28-07-2008,2.98
29-07-2008,2.98
30-07-2008,2.98
31-07-2008,3
01-08-2008,3
04-08-2008,3
05-08-2008,3
06-08-2008,3
07-08-2008,3.01
08-08-2008,3.01
11-08-2008,3.01
12-08-2008,3.03
13-08-2008,3.03
14-08-2008,3.04
15-08-2008,3.05
18-08-2008,3.06
19-08-2008,3.08
20-08-2008,3.11
21-08-2008,3.12
22-08-2008,3.12
25-08-2008,3.14
26-08-2008,3.15
27-08-2008,3.15
28-08-2008,3.16
29-08-2008,3.16
31-08-2008,3.17
01-09-2008,3.17
02-09-2008,3.19
03-09-2008,3.2
04-09-2008,3.21
05-09-2008,3.22
08-09-2008,3.21
09-09-2008,3.24
10-09-2008,3.28
11-09-2008,3.39
12-09-2008,3.44
15-09-2008,3.8
16-09-2008,4.11
17-09-2008,4.28
18-09-2008,4.4
19-09-2008,4.15
22-09-2008,4.09
23-09-2008,4.17
24-09-2008,4.26
25-09-2008,4.36
26-09-2008,4.59
29-09-2008,4.65
30-09-2008,4.55
01-10-2008,4.61
02-10-2008,4.87
03-10-2008,4.91
06-10-2008,5.08
07-10-2008,5.14
08-10-2008,5.26
09-10-2008,5.35
10-10-2008,5.81
13-10-2008,5.82
14-10-2008,5.49
15-10-2008,5.54
16-10-2008,5.73
17-10-2008,5.87
20-10-2008,5.91
21-10-2008,5.94
22-10-2008,5.96
23-10-2008,5.98
24-10-2008,6.09
27-10-2008,6.14
28-10-2008,6.15
29-10-2008,6.18
30-10-2008,6.17
31-10-2008,6.06
03-11-2008,6.06
04-11-2008,6.03
05-11-2008,5.95
06-11-2008,5.94
07-11-2008,5.91
10-11-2008,5.86
11-11-2008,5.86
12-11-2008,5.87
13-11-2008,5.9
14-11-2008,5.88
17-11-2008,5.93
18-11-2008,5.98
19-11-2008,6.06
20-11-2008,6.22
21-11-2008,6.36
24-11-2008,6.36
25-11-2008,6.38
26-11-2008,6.39
27-11-2008,6.39
28-11-2008,6.42
30-11-2008,6.41
01-12-2008,6.44
02-12-2008,6.5
03-12-2008,6.53
04-12-2008,6.55
05-12-2008,6.56
08-12-2008,6.55
09-12-2008,6.55
10-12-2008,6.54
11-12-2008,6.52
12-12-2008,6.52
15-12-2008,6.51
16-12-2008,6.51
17-12-2008,6.42
18-12-2008,6.35
19-12-2008,6.3
22-12-2008,6.28
23-12-2008,6.25
24-12-2008,6.21
25-12-2008,.
26-12-2008,6.2
29-12-2008,6.19
30-12-2008,6.12
31-12-2008,6.04
01-01-2009,.
02-01-2009,6.03
05-01-2009,5.96
06-01-2009,5.82
07-01-2009,5.74
08-01-2009,5.67
09-01-2009,5.62
12-01-2009,5.59
13-01-2009,5.57
14-01-2009,5.6
15-01-2009,5.62
16-01-2009,5.54
19-01-2009,5.54
20-01-2009,5.57
21-01-2009,5.57
22-01-2009,5.57
23-01-2009,5.56
26-01-2009,5.53
27-01-2009,5.47
28-01-2009,5.4
29-01-2009,5.38
30-01-2009,5.35
31-01-2009,5.31
02-02-2009,5.32
03-02-2009,5.31
04-02-2009,5.29
05-02-2009,5.28
06-02-2009,5.25
09-02-2009,5.2
10-02-2009,5.19
11-02-2009,5.16
12-02-2009,5.19
13-02-2009,5.19
16-02-2009,5.19
17-02-2009,5.23
18-02-2009,5.29
19-02-2009,5.31
20-02-2009,5.41
23-02-2009,5.44
24-02-2009,5.54
25-02-2009,5.54
26-02-2009,5.56
27-02-2009,5.58
28-02-2009,5.48
02-03-2009,5.56
03-03-2009,5.64
04-03-2009,5.75
05-03-2009,5.81
06-03-2009,5.87
09-03-2009,5.97
10-03-2009,5.99
11-03-2009,6
12-03-2009,6
13-03-2009,6
16-03-2009,5.96
17-03-2009,5.95
18-03-2009,5.97
19-03-2009,5.97
20-03-2009,5.99
23-03-2009,5.99
24-03-2009,5.98
25-03-2009,6
26-03-2009,5.98
27-03-2009,5.96
30-03-2009,5.99
31-03-2009,5.86
01-04-2009,5.86
02-04-2009,5.82
03-04-2009,5.81
06-04-2009,5.78
07-04-2009,5.75
08-04-2009,5.71
09-04-2009,5.63
10-04-2009,.
13-04-2009,5.6
14-04-2009,5.54
15-04-2009,5.47
16-04-2009,5.4
17-04-2009,5.32
20-04-2009,5.28
21-04-2009,5.26
22-04-2009,5.23
23-04-2009,5.2
24-04-2009,5.16
27-04-2009,5.14
28-04-2009,5.1
29-04-2009,5.02
30-04-2009,4.87
01-05-2009,4.81
04-05-2009,4.78
05-05-2009,4.71
06-05-2009,4.64
07-05-2009,4.53
08-05-2009,4.44
11-05-2009,4.44
12-05-2009,4.42
13-05-2009,4.42
14-05-2009,4.43
15-05-2009,4.42
18-05-2009,4.4
19-05-2009,4.34
20-05-2009,4.28
21-05-2009,4.25
22-05-2009,4.22
25-05-2009,4.22
26-05-2009,4.16
27-05-2009,4.09
28-05-2009,4.02
29-05-2009,3.94
31-05-2009,3.87
01-06-2009,3.82
02-06-2009,3.71
03-06-2009,3.65
04-06-2009,3.63
05-06-2009,3.56
08-06-2009,3.52
09-06-2009,3.5
10-06-2009,3.44
11-06-2009,3.4
12-06-2009,3.38
15-06-2009,3.36
16-06-2009,3.35
17-06-2009,3.36
18-06-2009,3.34
19-06-2009,3.31
22-06-2009,3.32
23-06-2009,3.31
24-06-2009,3.31
25-06-2009,3.32
26-06-2009,3.33
29-06-2009,3.33
30-06-2009,3.31
01-07-2009,3.31
02-07-2009,3.3
03-07-2009,3.3
06-07-2009,3.31
07-07-2009,3.3
08-07-2009,3.31
09-07-2009,3.3
10-07-2009,3.3
13-07-2009,3.29
14-07-2009,3.27
15-07-2009,3.22
16-07-2009,3.19
17-07-2009,3.13
20-07-2009,3.11
21-07-2009,3.07
22-07-2009,3.05
23-07-2009,3.02
24-07-2009,2.98
27-07-2009,2.95
28-07-2009,2.91
29-07-2009,2.86
30-07-2009,2.78
31-07-2009,2.73
03-08-2009,2.7
04-08-2009,2.65
05-08-2009,2.61
06-08-2009,2.57
07-08-2009,2.54
10-08-2009,2.52
11-08-2009,2.53
12-08-2009,2.54
13-08-2009,2.53
14-08-2009,2.54
17-08-2009,2.58
18-08-2009,2.6
19-08-2009,2.6
20-08-2009,2.6
21-08-2009,2.58
24-08-2009,2.57
25-08-2009,2.55
26-08-2009,2.54
27-08-2009,2.53
28-08-2009,2.52
31-08-2009,2.53
01-09-2009,2.54
02-09-2009,2.54
03-09-2009,2.54
04-09-2009,2.53
07-09-2009,2.53
08-09-2009,2.51
09-09-2009,2.5
10-09-2009,2.47
11-09-2009,2.44
14-09-2009,2.42
15-09-2009,2.39
16-09-2009,2.36
17-09-2009,2.35
18-09-2009,2.33
21-09-2009,2.32
22-09-2009,2.3
23-09-2009,2.31
24-09-2009,2.31
25-09-2009,2.31
28-09-2009,2.32
29-09-2009,2.33
30-09-2009,2.35
01-10-2009,2.38
02-10-2009,2.39
05-10-2009,2.38
06-10-2009,2.35
07-10-2009,2.35
08-10-2009,2.34
09-10-2009,2.33
12-10-2009,2.33
13-10-2009,2.33
14-10-2009,2.31
15-10-2009,2.3
16-10-2009,2.29
19-10-2009,2.28
20-10-2009,2.26
21-10-2009,2.25
22-10-2009,2.23
23-10-2009,2.21
26-10-2009,2.19
27-10-2009,2.18
28-10-2009,2.18
29-10-2009,2.18
30-10-2009,2.18
31-10-2009,2.18
02-11-2009,2.19
03-11-2009,2.19
04-11-2009,2.19
05-11-2009,2.18
06-11-2009,2.18
09-11-2009,2.17
10-11-2009,2.16
11-11-2009,2.16
12-11-2009,2.16
13-11-2009,2.16
16-11-2009,2.15
17-11-2009,2.15
18-11-2009,2.15
19-11-2009,2.15
20-11-2009,2.15
23-11-2009,2.15
24-11-2009,2.16
25-11-2009,2.16
26-11-2009,2.16
27-11-2009,2.19
30-11-2009,2.21
01-12-2009,2.21
02-12-2009,2.19
03-12-2009,2.17
04-12-2009,2.15
07-12-2009,2.13
08-12-2009,2.13
09-12-2009,2.12
10-12-2009,2.1
11-12-2009,2.08
14-12-2009,2.04
15-12-2009,2.02
16-12-2009,2.01
17-12-2009,2.01
18-12-2009,1.99
21-12-2009,1.98
22-12-2009,1.96
23-12-2009,1.96
24-12-2009,1.94
25-12-2009,.
28-12-2009,1.93
29-12-2009,1.91
30-12-2009,1.9
31-12-2009,1.9
01-01-2010,.
04-01-2010,1.88
05-01-2010,1.85
06-01-2010,1.83
07-01-2010,1.81
08-01-2010,1.78
11-01-2010,1.76
12-01-2010,1.76
13-01-2010,1.76
14-01-2010,1.76
15-01-2010,1.77
18-01-2010,1.77
19-01-2010,1.78
20-01-2010,1.78
21-01-2010,1.79
22-01-2010,1.8
25-01-2010,1.82
26-01-2010,1.82
27-01-2010,1.82
28-01-2010,1.83
29-01-2010,1.83
31-01-2010,1.81
01-02-2010,1.84
02-02-2010,1.82
03-02-2010,1.82
04-02-2010,1.85
05-02-2010,1.88
08-02-2010,1.89
09-02-2010,1.9
10-02-2010,1.9
11-02-2010,1.91
12-02-2010,1.91
15-02-2010,1.9
16-02-2010,1.91
17-02-2010,1.9
18-02-2010,1.88
19-02-2010,1.86
22-02-2010,1.85
23-02-2010,1.84
24-02-2010,1.84
25-02-2010,1.85
26-02-2010,1.84
28-02-2010,1.85
01-03-2010,1.86
02-03-2010,1.83
03-03-2010,1.83
04-03-2010,1.83
05-03-2010,1.8
08-03-2010,1.78
09-03-2010,1.77
10-03-2010,1.76
11-03-2010,1.75
12-03-2010,1.74
15-03-2010,1.73
16-03-2010,1.72
17-03-2010,1.71
18-03-2010,1.69
19-03-2010,1.68
22-03-2010,1.68
23-03-2010,1.68
24-03-2010,1.66
25-03-2010,1.64
26-03-2010,1.63
29-03-2010,1.63
30-03-2010,1.63
31-03-2010,1.61
01-04-2010,1.61
02-04-2010,.
05-04-2010,1.59
06-04-2010,1.57
07-04-2010,1.58
08-04-2010,1.58
09-04-2010,1.57
12-04-2010,1.56
13-04-2010,1.55
14-04-2010,1.53
15-04-2010,1.52
16-04-2010,1.53
19-04-2010,1.53
20-04-2010,1.52
21-04-2010,1.51
22-04-2010,1.52
23-04-2010,1.51
26-04-2010,1.52
27-04-2010,1.54
28-04-2010,1.55
29-04-2010,1.55
30-04-2010,1.55
03-05-2010,1.57
04-05-2010,1.6
05-05-2010,1.64
06-05-2010,1.76
07-05-2010,1.84
10-05-2010,1.77
11-05-2010,1.79
12-05-2010,1.77
13-05-2010,1.76
14-05-2010,1.79
17-05-2010,1.79
18-05-2010,1.81
19-05-2010,1.86
20-05-2010,1.96
21-05-2010,1.97
24-05-2010,1.98
25-05-2010,2.06
26-05-2010,2.04
27-05-2010,2.02
28-05-2010,2.02
31-05-2010,2.02
01-06-2010,2.05
02-06-2010,2.07
03-06-2010,2.05
04-06-2010,2.08
07-06-2010,2.08
08-06-2010,2.11
09-06-2010,2.12
10-06-2010,2.13
11-06-2010,2.13
14-06-2010,2.11
15-06-2010,2.11
16-06-2010,2.1
17-06-2010,2.09
18-06-2010,2.08
21-06-2010,2.05
22-06-2010,2.05
23-06-2010,2.06
24-06-2010,2.07
25-06-2010,2.07
28-06-2010,2.08
29-06-2010,2.09
30-06-2010,2.09
01-07-2010,2.09
02-07-2010,2.08
05-07-2010,2.09
06-07-2010,2.07
07-07-2010,2.08
08-07-2010,2.06
09-07-2010,2.04
12-07-2010,2.03
13-07-2010,2
14-07-2010,1.98
15-07-2010,1.98
16-07-2010,1.98
19-07-2010,1.98
20-07-2010,1.98
21-07-2010,1.97
22-07-2010,1.96
23-07-2010,1.93
26-07-2010,1.91
27-07-2010,1.87
28-07-2010,1.87
29-07-2010,1.86
30-07-2010,1.88
31-07-2010,1.89
02-08-2010,1.88
03-08-2010,1.88
04-08-2010,1.87
05-08-2010,1.87
06-08-2010,1.87
09-08-2010,1.86
10-08-2010,1.88
11-08-2010,1.9
12-08-2010,1.91
13-08-2010,1.9
16-08-2010,1.9
17-08-2010,1.89
18-08-2010,1.88
19-08-2010,1.88
20-08-2010,1.88
23-08-2010,1.88
24-08-2010,1.9
25-08-2010,1.9
26-08-2010,1.91
27-08-2010,1.91
30-08-2010,1.92
31-08-2010,1.95
01-09-2010,1.94
02-09-2010,1.93
03-09-2010,1.91
06-09-2010,1.9
07-09-2010,1.9
08-09-2010,1.89
09-09-2010,1.88
10-09-2010,1.87
13-09-2010,1.85
14-09-2010,1.84
15-09-2010,1.85
16-09-2010,1.84
17-09-2010,1.84
20-09-2010,1.83
21-09-2010,1.83
22-09-2010,1.84
23-09-2010,1.84
24-09-2010,1.84
27-09-2010,1.84
28-09-2010,1.84
29-09-2010,1.84
30-09-2010,1.84
01-10-2010,1.84
04-10-2010,1.84
05-10-2010,1.83
06-10-2010,1.82
07-10-2010,1.81
08-10-2010,1.81
11-10-2010,1.81
12-10-2010,1.8
13-10-2010,1.8
14-10-2010,1.81
15-10-2010,1.82
18-10-2010,1.82
19-10-2010,1.82
20-10-2010,1.83
21-10-2010,1.82
22-10-2010,1.81
25-10-2010,1.79
26-10-2010,1.78
27-10-2010,1.76
28-10-2010,1.77
29-10-2010,1.77
31-10-2010,1.77
01-11-2010,1.79
02-11-2010,1.78
03-11-2010,1.78
04-11-2010,1.77
05-11-2010,1.76
08-11-2010,1.75
09-11-2010,1.74
10-11-2010,1.75
11-11-2010,1.75
12-11-2010,1.76
15-11-2010,1.76
16-11-2010,1.76
17-11-2010,1.77
18-11-2010,1.75
19-11-2010,1.75
22-11-2010,1.75
23-11-2010,1.77
24-11-2010,1.77
25-11-2010,1.77
26-11-2010,1.76
29-11-2010,1.79
30-11-2010,1.82
01-12-2010,1.81
02-12-2010,1.8
03-12-2010,1.79
06-12-2010,1.79
07-12-2010,1.76
08-12-2010,1.74
09-12-2010,1.72
10-12-2010,1.71
13-12-2010,1.71
14-12-2010,1.7
15-12-2010,1.69
16-12-2010,1.7
17-12-2010,1.69
20-12-2010,1.69
21-12-2010,1.69
22-12-2010,1.68
23-12-2010,1.66
24-12-2010,1.66
27-12-2010,1.67
28-12-2010,1.66
29-12-2010,1.67
30-12-2010,1.66
31-12-2010,1.66
03-01-2011,1.66
04-01-2011,1.64
05-01-2011,1.63
06-01-2011,1.62
07-01-2011,1.63
10-01-2011,1.64
11-01-2011,1.63
12-01-2011,1.63
13-01-2011,1.63
14-01-2011,1.63
17-01-2011,1.62
18-01-2011,1.62
19-01-2011,1.61
20-01-2011,1.61
21-01-2011,1.6
24-01-2011,1.59
25-01-2011,1.6
26-01-2011,1.59
27-01-2011,1.59
28-01-2011,1.6
31-01-2011,1.62
01-02-2011,1.61
02-02-2011,1.59
03-02-2011,1.58
04-02-2011,1.55
07-02-2011,1.53
08-02-2011,1.52
09-02-2011,1.52
10-02-2011,1.51
11-02-2011,1.5
14-02-2011,1.5
15-02-2011,1.49
16-02-2011,1.49
17-02-2011,1.48
18-02-2011,1.48
21-02-2011,1.48
22-02-2011,1.49
23-02-2011,1.5
24-02-2011,1.51
25-02-2011,1.51
28-02-2011,1.51
01-03-2011,1.52
02-03-2011,1.51
03-03-2011,1.49
04-03-2011,1.49
07-03-2011,1.49
08-03-2011,1.48
09-03-2011,1.49
10-03-2011,1.51
11-03-2011,1.51
14-03-2011,1.51
15-03-2011,1.55
16-03-2011,1.57
17-03-2011,1.57
18-03-2011,1.55
21-03-2011,1.54
22-03-2011,1.53
23-03-2011,1.53
24-03-2011,1.52
25-03-2011,1.5
28-03-2011,1.5
29-03-2011,1.49
30-03-2011,1.5
31-03-2011,1.5
01-04-2011,1.5
04-04-2011,1.5
05-04-2011,1.48
06-04-2011,1.47
07-04-2011,1.46
08-04-2011,1.45
11-04-2011,1.45
12-04-2011,1.46
13-04-2011,1.46
14-04-2011,1.46
15-04-2011,1.46
18-04-2011,1.47
19-04-2011,1.48
20-04-2011,1.47
21-04-2011,1.46
22-04-2011,.
25-04-2011,1.46
26-04-2011,1.46
27-04-2011,1.46
28-04-2011,1.46
29-04-2011,1.46
30-04-2011,1.47
02-05-2011,1.48
03-05-2011,1.47
04-05-2011,1.47
05-05-2011,1.48
06-05-2011,1.48
09-05-2011,1.48
10-05-2011,1.48
11-05-2011,1.49
12-05-2011,1.49
13-05-2011,1.49
16-05-2011,1.5
17-05-2011,1.5
18-05-2011,1.5
19-05-2011,1.5
20-05-2011,1.5
23-05-2011,1.51
24-05-2011,1.51
25-05-2011,1.53
26-05-2011,1.54
27-05-2011,1.54
30-05-2011,1.54
31-05-2011,1.56
01-06-2011,1.57
02-06-2011,1.59
03-06-2011,1.6
06-06-2011,1.6
07-06-2011,1.6
08-06-2011,1.62
09-06-2011,1.62
10-06-2011,1.62
13-06-2011,1.63
14-06-2011,1.62
15-06-2011,1.65
16-06-2011,1.66
17-06-2011,1.66
20-06-2011,1.67
21-06-2011,1.66
22-06-2011,1.67
23-06-2011,1.69
24-06-2011,1.7
27-06-2011,1.71
28-06-2011,1.69
29-06-2011,1.67
30-06-2011,1.64
01-07-2011,1.61
04-07-2011,1.61
05-07-2011,1.62
06-07-2011,1.63
07-07-2011,1.61
08-07-2011,1.62
11-07-2011,1.64
12-07-2011,1.66
13-07-2011,1.66
14-07-2011,1.65
15-07-2011,1.67
18-07-2011,1.68
19-07-2011,1.68
20-07-2011,1.68
21-07-2011,1.67
22-07-2011,1.66
25-07-2011,1.66
26-07-2011,1.65
27-07-2011,1.65
28-07-2011,1.64
29-07-2011,1.65
31-07-2011,1.66
01-08-2011,1.66
02-08-2011,1.68
03-08-2011,1.68
04-08-2011,1.73
05-08-2011,1.74
08-08-2011,1.9
09-08-2011,1.96
10-08-2011,2.01
11-08-2011,2.09
12-08-2011,2.08
15-08-2011,2.09
16-08-2011,2.09
17-08-2011,2.09
18-08-2011,2.14
19-08-2011,2.17
22-08-2011,2.17
23-08-2011,2.24
24-08-2011,2.27
25-08-2011,2.25
26-08-2011,2.27
29-08-2011,2.27
30-08-2011,2.25
31-08-2011,2.21
01-09-2011,2.2
02-09-2011,2.21
05-09-2011,2.21
06-09-2011,2.24
07-09-2011,2.24
08-09-2011,2.24
09-09-2011,2.27
12-09-2011,2.32
13-09-2011,2.33
14-09-2011,2.33
15-09-2011,2.33
16-09-2011,2.32
19-09-2011,2.36
20-09-2011,2.36
21-09-2011,2.38
22-09-2011,2.51
23-09-2011,2.55
26-09-2011,2.55
27-09-2011,2.53
28-09-2011,2.54
29-09-2011,2.54
30-09-2011,2.57
03-10-2011,2.62
04-10-2011,2.72
05-10-2011,2.72
06-10-2011,2.7
07-10-2011,2.65
10-10-2011,2.65
11-10-2011,2.6
12-10-2011,2.55
13-10-2011,2.54
14-10-2011,2.51
17-10-2011,2.49
18-10-2011,2.49
19-10-2011,2.43
20-10-2011,2.42
21-10-2011,2.38
24-10-2011,2.34
25-10-2011,2.32
26-10-2011,2.31
27-10-2011,2.19
28-10-2011,2.17
31-10-2011,2.22
01-11-2011,2.29
02-11-2011,2.28
03-11-2011,2.27
04-11-2011,2.28
07-11-2011,2.29
08-11-2011,2.3
09-11-2011,2.36
10-11-2011,2.37
11-11-2011,2.37
14-11-2011,2.39
15-11-2011,2.41
16-11-2011,2.44
17-11-2011,2.48
18-11-2011,2.49
21-11-2011,2.55
22-11-2011,2.61
23-11-2011,2.64
24-11-2011,2.64
25-11-2011,2.65
28-11-2011,2.66
29-11-2011,2.67
30-11-2011,2.66
01-12-2011,2.64
02-12-2011,2.6
05-12-2011,2.56
06-12-2011,2.56
07-12-2011,2.56
08-12-2011,2.58
09-12-2011,2.59
12-12-2011,2.61
13-12-2011,2.61
14-12-2011,2.62
15-12-2011,2.62
16-12-2011,2.62
19-12-2011,2.62
20-12-2011,2.62
21-12-2011,2.62
22-12-2011,2.6
23-12-2011,2.6
26-12-2011,.
27-12-2011,2.6
28-12-2011,2.58
29-12-2011,2.57
30-12-2011,2.56
31-12-2011,2.57
02-01-2012,.
03-01-2012,2.54
04-01-2012,2.53
05-01-2012,2.52
06-01-2012,2.51
09-01-2012,2.5
10-01-2012,2.48
11-01-2012,2.49
12-01-2012,2.47
13-01-2012,2.48
16-01-2012,2.47
17-01-2012,2.46
18-01-2012,2.44
19-01-2012,2.4
20-01-2012,2.38
23-01-2012,2.34
24-01-2012,2.33
25-01-2012,2.32
26-01-2012,2.29
27-01-2012,2.28
30-01-2012,2.28
31-01-2012,2.29
01-02-2012,2.27
02-02-2012,2.25
03-02-2012,2.2
06-02-2012,2.19
07-02-2012,2.17
08-02-2012,2.15
09-02-2012,2.13
10-02-2012,2.15
13-02-2012,2.14
14-02-2012,2.13
15-02-2012,2.14
16-02-2012,2.15
17-02-2012,2.12
20-02-2012,2.12
21-02-2012,2.11
22-02-2012,2.1
23-02-2012,2.1
24-02-2012,2.08
27-02-2012,2.08
28-02-2012,2.06
29-02-2012,2.03
01-03-2012,2.01
02-03-2012,2
05-03-2012,2
06-03-2012,2.03
07-03-2012,2.03
08-03-2012,2.02
09-03-2012,2.01
12-03-2012,2
13-03-2012,1.98
14-03-2012,1.94
15-03-2012,1.93
16-03-2012,1.91
19-03-2012,1.9
20-03-2012,1.89
21-03-2012,1.89
22-03-2012,1.91
23-03-2012,1.91
26-03-2012,1.91
27-03-2012,1.91
28-03-2012,1.92
29-03-2012,1.93
30-03-2012,1.92
31-03-2012,1.92
02-04-2012,1.92
03-04-2012,1.92
04-04-2012,1.94
05-04-2012,1.96
06-04-2012,.
09-04-2012,1.99
10-04-2012,2.02
11-04-2012,2.03
12-04-2012,2.01
13-04-2012,2.02
16-04-2012,2.02
17-04-2012,2.01
18-04-2012,2.02
19-04-2012,2.01
20-04-2012,2.02
23-04-2012,2.03
24-04-2012,2.03
25-04-2012,2.02
26-04-2012,2.02
27-04-2012,2.02
30-04-2012,2.03
01-05-2012,2.02
02-05-2012,2.01
03-05-2012,2
04-05-2012,2
07-05-2012,2.01
08-05-2012,2.02
09-05-2012,2.03
10-05-2012,2.03
11-05-2012,2.04
14-05-2012,2.08
15-05-2012,2.09
16-05-2012,2.13
17-05-2012,2.18
18-05-2012,2.23
21-05-2012,2.24
22-05-2012,2.23
23-05-2012,2.25
24-05-2012,2.25
25-05-2012,2.24
28-05-2012,2.24
29-05-2012,2.23
30-05-2012,2.26
31-05-2012,2.29
01-06-2012,2.33
04-06-2012,2.33
05-06-2012,2.33
06-06-2012,2.3
07-06-2012,2.27
08-06-2012,2.26
11-06-2012,2.25
12-06-2012,2.26
13-06-2012,2.26
14-06-2012,2.25
15-06-2012,2.24
18-06-2012,2.24
19-06-2012,2.21
20-06-2012,2.2
21-06-2012,2.18
22-06-2012,2.17
25-06-2012,2.18
26-06-2012,2.18
27-06-2012,2.18
28-06-2012,2.19
29-06-2012,2.15
30-06-2012,2.15
02-07-2012,2.13
03-07-2012,2.12
04-07-2012,2.12
05-07-2012,2.11
06-07-2012,2.11
09-07-2012,2.11
10-07-2012,2.1
11-07-2012,2.09
12-07-2012,2.09
13-07-2012,2.07
16-07-2012,2.05
17-07-2012,2.03
18-07-2012,2.01
19-07-2012,1.98
20-07-2012,1.99
23-07-2012,2.01
24-07-2012,2.01
25-07-2012,2.01
26-07-2012,2
27-07-2012,1.95
30-07-2012,1.94
31-07-2012,1.94
01-08-2012,1.93
02-08-2012,1.94
03-08-2012,1.92
06-08-2012,1.9
07-08-2012,1.89
08-08-2012,1.88
09-08-2012,1.88
10-08-2012,1.87
13-08-2012,1.88
14-08-2012,1.86
15-08-2012,1.86
16-08-2012,1.86
17-08-2012,1.85
20-08-2012,1.84
21-08-2012,1.84
22-08-2012,1.84
23-08-2012,1.84
24-08-2012,1.84
27-08-2012,1.84
28-08-2012,1.84
29-08-2012,1.84
30-08-2012,1.85
31-08-2012,1.86
03-09-2012,1.86
04-09-2012,1.85
05-09-2012,1.85
06-09-2012,1.83
07-09-2012,1.81
10-09-2012,1.8
11-09-2012,1.79
12-09-2012,1.77
13-09-2012,1.76
14-09-2012,1.7
17-09-2012,1.68
18-09-2012,1.68
19-09-2012,1.67
20-09-2012,1.68
21-09-2012,1.67
24-09-2012,1.67
25-09-2012,1.68
26-09-2012,1.7
27-09-2012,1.7
28-09-2012,1.68
30-09-2012,1.69
01-10-2012,1.68
02-10-2012,1.67
03-10-2012,1.67
04-10-2012,1.64
05-10-2012,1.62
08-10-2012,1.61
09-10-2012,1.61
10-10-2012,1.6
11-10-2012,1.59
12-10-2012,1.58
15-10-2012,1.56
16-10-2012,1.52
17-10-2012,1.48
18-10-2012,1.46
19-10-2012,1.47
22-10-2012,1.47
23-10-2012,1.49
24-10-2012,1.49
25-10-2012,1.48
26-10-2012,1.49
29-10-2012,1.49
30-10-2012,.
31-10-2012,1.51
01-11-2012,1.5
02-11-2012,1.5
05-11-2012,1.51
06-11-2012,1.5
07-11-2012,1.54
08-11-2012,1.55
09-11-2012,1.57
12-11-2012,1.57
13-11-2012,1.59
14-11-2012,1.6
15-11-2012,1.62
16-11-2012,1.62
19-11-2012,1.61
20-11-2012,1.61
21-11-2012,1.61
22-11-2012,1.61
23-11-2012,1.61
26-11-2012,1.6
27-11-2012,1.6
28-11-2012,1.61
29-11-2012,1.61
30-11-2012,1.6
03-12-2012,1.6
04-12-2012,1.6
05-12-2012,1.6
06-12-2012,1.6
07-12-2012,1.59
10-12-2012,1.59
11-12-2012,1.59
12-12-2012,1.58
13-12-2012,1.58
14-12-2012,1.57
17-12-2012,1.56
18-12-2012,1.55
19-12-2012,1.54
20-12-2012,1.53
21-12-2012,1.53
24-12-2012,1.53
25-12-2012,.
26-12-2012,1.54
27-12-2012,1.54
28-12-2012,1.53
31-12-2012,1.54
01-01-2013,.
02-01-2013,1.5
03-01-2013,1.48
04-01-2013,1.46
07-01-2013,1.45
08-01-2013,1.45
09-01-2013,1.46
10-01-2013,1.45
11-01-2013,1.45
14-01-2013,1.45
15-01-2013,1.47
16-01-2013,1.47
17-01-2013,1.47
18-01-2013,1.47
21-01-2013,1.46
22-01-2013,1.47
23-01-2013,1.47
24-01-2013,1.47
25-01-2013,1.45
28-01-2013,1.44
29-01-2013,1.44
30-01-2013,1.45
31-01-2013,1.48
01-02-2013,1.47
04-02-2013,1.49
05-02-2013,1.48
06-02-2013,1.49
07-02-2013,1.49
08-02-2013,1.49
11-02-2013,1.48
12-02-2013,1.48
13-02-2013,1.47
14-02-2013,1.47
15-02-2013,1.47
18-02-2013,1.47
19-02-2013,1.47
20-02-2013,1.47
21-02-2013,1.47
22-02-2013,1.47
25-02-2013,1.47
26-02-2013,1.49
27-02-2013,1.49
28-02-2013,1.49
01-03-2013,1.49
04-03-2013,1.49
05-03-2013,1.48
06-03-2013,1.47
07-03-2013,1.46
08-03-2013,1.45
11-03-2013,1.45
12-03-2013,1.45
13-03-2013,1.45
14-03-2013,1.44
15-03-2013,1.45
18-03-2013,1.46
19-03-2013,1.46
20-03-2013,1.47
21-03-2013,1.47
22-03-2013,1.48
25-03-2013,1.47
26-03-2013,1.49
27-03-2013,1.5
28-03-2013,1.5
29-03-2013,.
31-03-2013,1.51
01-04-2013,1.51
02-04-2013,1.51
03-04-2013,1.52
04-04-2013,1.51
05-04-2013,1.51
08-04-2013,1.5
09-04-2013,1.49
10-04-2013,1.48
11-04-2013,1.48
12-04-2013,1.48
15-04-2013,1.48
16-04-2013,1.48
17-04-2013,1.49
18-04-2013,1.49
19-04-2013,1.49
22-04-2013,1.48
23-04-2013,1.47
24-04-2013,1.47
25-04-2013,1.47
26-04-2013,1.47
29-04-2013,1.47
30-04-2013,1.47
01-05-2013,1.47
02-05-2013,1.47
03-05-2013,1.45
06-05-2013,1.44
07-05-2013,1.43
08-05-2013,1.43
09-05-2013,1.43
10-05-2013,1.43
13-05-2013,1.43
14-05-2013,1.42
15-05-2013,1.42
16-05-2013,1.43
17-05-2013,1.42
20-05-2013,1.41
21-05-2013,1.42
22-05-2013,1.41
23-05-2013,1.42
24-05-2013,1.42
27-05-2013,1.42
28-05-2013,1.41
29-05-2013,1.43
30-05-2013,1.44
31-05-2013,1.47
03-06-2013,1.48
04-06-2013,1.49
05-06-2013,1.53
06-06-2013,1.55
07-06-2013,1.54
10-06-2013,1.54
11-06-2013,1.58
12-06-2013,1.58
13-06-2013,1.59
14-06-2013,1.57
17-06-2013,1.57
18-06-2013,1.58
19-06-2013,1.57
20-06-2013,1.65
21-06-2013,1.66
24-06-2013,1.72
25-06-2013,1.71
26-06-2013,1.7
27-06-2013,1.68
28-06-2013,1.67
30-06-2013,1.67
01-07-2013,1.67
02-07-2013,1.65
03-07-2013,1.66
04-07-2013,1.66
05-07-2013,1.64
08-07-2013,1.64
09-07-2013,1.62
10-07-2013,1.62
11-07-2013,1.61
12-07-2013,1.6
15-07-2013,1.59
16-07-2013,1.57
17-07-2013,1.57
18-07-2013,1.55
19-07-2013,1.54
22-07-2013,1.53
23-07-2013,1.52
24-07-2013,1.52
25-07-2013,1.53
26-07-2013,1.53
29-07-2013,1.53
30-07-2013,1.53
31-07-2013,1.53
01-08-2013,1.51
02-08-2013,1.53
05-08-2013,1.52
06-08-2013,1.52
07-08-2013,1.53
08-08-2013,1.53
09-08-2013,1.53
12-08-2013,1.53
13-08-2013,1.52
14-08-2013,1.53
15-08-2013,1.54
16-08-2013,1.53
19-08-2013,1.54
20-08-2013,1.55
21-08-2013,1.55
22-08-2013,1.55
23-08-2013,1.54
26-08-2013,1.54
27-08-2013,1.55
28-08-2013,1.55
29-08-2013,1.55
30-08-2013,.
02-09-2013,1.55
03-09-2013,1.55
04-09-2013,1.54
05-09-2013,1.55
06-09-2013,1.54
09-09-2013,1.55
10-09-2013,1.55
11-09-2013,1.55
12-09-2013,1.55
13-09-2013,1.54
16-09-2013,1.54
17-09-2013,1.54
18-09-2013,1.56
19-09-2013,1.52
20-09-2013,1.52
23-09-2013,1.52
24-09-2013,1.52
25-09-2013,1.52
26-09-2013,1.52
27-09-2013,1.53
30-09-2013,1.56
01-10-2013,1.55
02-10-2013,1.55
03-10-2013,1.54
04-10-2013,1.54
07-10-2013,1.53
08-10-2013,1.52
09-10-2013,1.52
10-10-2013,1.51
11-10-2013,1.5
14-10-2013,1.5
15-10-2013,1.49
16-10-2013,1.48
17-10-2013,1.48
18-10-2013,1.46
21-10-2013,1.45
22-10-2013,1.45
23-10-2013,1.45
24-10-2013,1.45
25-10-2013,1.45
28-10-2013,1.45
29-10-2013,1.44
30-10-2013,1.45
31-10-2013,1.45
01-11-2013,1.44
04-11-2013,1.45
05-11-2013,1.45
06-11-2013,1.46
07-11-2013,1.46
08-11-2013,1.46
11-11-2013,1.46
12-11-2013,1.46
13-11-2013,1.46
14-11-2013,1.46
15-11-2013,1.45
18-11-2013,1.44
19-11-2013,1.43
20-11-2013,1.43
21-11-2013,1.43
22-11-2013,1.42
25-11-2013,1.41
26-11-2013,1.42
27-11-2013,1.41
28-11-2013,1.41
29-11-2013,1.41
30-11-2013,1.41
02-12-2013,1.4
03-12-2013,1.4
04-12-2013,1.4
05-12-2013,1.4
06-12-2013,1.39
09-12-2013,1.38
10-12-2013,1.38
11-12-2013,1.37
12-12-2013,1.36
13-12-2013,1.35
16-12-2013,1.34
17-12-2013,1.34
18-12-2013,1.33
19-12-2013,1.31
20-12-2013,1.3
23-12-2013,1.3
24-12-2013,1.29
25-12-2013,.
26-12-2013,1.29
27-12-2013,1.29
30-12-2013,1.28
31-12-2013,1.28
01-01-2014,.
02-01-2014,1.27
03-01-2014,1.27
06-01-2014,1.26
07-01-2014,1.25
08-01-2014,1.25
09-01-2014,1.24
10-01-2014,1.25
13-01-2014,1.25
14-01-2014,1.24
15-01-2014,1.23
16-01-2014,1.23
17-01-2014,1.23
20-01-2014,1.23
21-01-2014,1.22
22-01-2014,1.22
23-01-2014,1.25
24-01-2014,1.27
27-01-2014,1.27
28-01-2014,1.27
29-01-2014,1.28
30-01-2014,1.28
31-01-2014,1.3
03-02-2014,1.32
04-02-2014,1.31
05-02-2014,1.31
06-02-2014,1.29
07-02-2014,1.29
10-02-2014,1.28
11-02-2014,1.27
12-02-2014,1.26
13-02-2014,1.26
14-02-2014,1.25
17-02-2014,1.25
18-02-2014,1.25
19-02-2014,1.24
20-02-2014,1.24
21-02-2014,1.24
24-02-2014,1.23
25-02-2014,1.22
26-02-2014,1.23
27-02-2014,1.23
28-02-2014,1.22
03-03-2014,1.23
04-03-2014,1.22
05-03-2014,1.22
06-03-2014,1.21
07-03-2014,1.21
10-03-2014,1.21
11-03-2014,1.22
12-03-2014,1.23
13-03-2014,1.24
14-03-2014,1.25
17-03-2014,1.24
18-03-2014,1.24
19-03-2014,1.21
20-03-2014,1.21
21-03-2014,1.2
24-03-2014,1.2
25-03-2014,1.19
26-03-2014,1.19
27-03-2014,1.19
28-03-2014,1.17
31-03-2014,1.19
01-04-2014,1.17
02-04-2014,1.16
03-04-2014,1.16
04-04-2014,1.16
07-04-2014,1.15
08-04-2014,1.15
09-04-2014,1.15
10-04-2014,1.15
11-04-2014,1.16
14-04-2014,1.16
15-04-2014,1.16
16-04-2014,1.15
17-04-2014,1.14
18-04-2014,.
21-04-2014,1.13
22-04-2014,1.13
23-04-2014,1.13
24-04-2014,1.13
25-04-2014,1.14
28-04-2014,1.14
29-04-2014,1.14
30-04-2014,1.14
01-05-2014,1.14
02-05-2014,1.14
05-05-2014,1.13
06-05-2014,1.13
07-05-2014,1.13
08-05-2014,1.13
09-05-2014,1.13
12-05-2014,1.13
13-05-2014,1.13
14-05-2014,1.13
15-05-2014,1.13
16-05-2014,1.13
19-05-2014,1.13
20-05-2014,1.13
21-05-2014,1.13
22-05-2014,1.13
23-05-2014,1.13
26-05-2014,1.13
27-05-2014,1.12
28-05-2014,1.13
29-05-2014,1.12
30-05-2014,1.11
31-05-2014,1.12
02-06-2014,1.12
03-06-2014,1.12
04-06-2014,1.12
05-06-2014,1.12
06-06-2014,1.1
09-06-2014,1.09
10-06-2014,1.08
11-06-2014,1.09
12-06-2014,1.09
13-06-2014,1.09
16-06-2014,1.09
17-06-2014,1.08
18-06-2014,1.09
19-06-2014,1.08
20-06-2014,1.08
23-06-2014,1.07
24-06-2014,1.06
25-06-2014,1.07
26-06-2014,1.07
27-06-2014,1.08
30-06-2014,1.09
01-07-2014,1.09
02-07-2014,1.08
03-07-2014,1.08
04-07-2014,1.08
07-07-2014,1.07
08-07-2014,1.07
09-07-2014,1.08
10-07-2014,1.09
11-07-2014,1.08
14-07-2014,1.08
15-07-2014,1.08
16-07-2014,1.08
17-07-2014,1.09
18-07-2014,1.09
21-07-2014,1.09
22-07-2014,1.09
23-07-2014,1.09
24-07-2014,1.09
25-07-2014,1.09
28-07-2014,1.08
29-07-2014,1.09
30-07-2014,1.09
31-07-2014,1.1
01-08-2014,1.12
04-08-2014,1.12
05-08-2014,1.12
06-08-2014,1.14
07-08-2014,1.14
08-08-2014,1.14
11-08-2014,1.14
12-08-2014,1.14
13-08-2014,1.14
14-08-2014,1.14
15-08-2014,1.14
18-08-2014,1.13
19-08-2014,1.13
20-08-2014,1.13
21-08-2014,1.12
22-08-2014,1.12
25-08-2014,1.12
26-08-2014,1.11
27-08-2014,1.11
28-08-2014,1.12
29-08-2014,1.12
31-08-2014,1.12
01-09-2014,1.12
02-09-2014,1.12
03-09-2014,1.12
04-09-2014,1.12
05-09-2014,1.12
08-09-2014,1.12
09-09-2014,1.12
10-09-2014,1.13
11-09-2014,1.14
12-09-2014,1.14
15-09-2014,1.14
16-09-2014,1.15
17-09-2014,1.14
18-09-2014,1.14
19-09-2014,1.13
22-09-2014,1.14
23-09-2014,1.14
24-09-2014,1.15
25-09-2014,1.16
26-09-2014,1.17
29-09-2014,1.19
30-09-2014,1.2
01-10-2014,1.21
02-10-2014,1.22
03-10-2014,1.21
06-10-2014,1.2
07-10-2014,1.2
08-10-2014,1.22
09-10-2014,1.22
10-10-2014,1.23
13-10-2014,1.23
14-10-2014,1.24
15-10-2014,1.29
16-10-2014,1.29
17-10-2014,1.28
20-10-2014,1.28
21-10-2014,1.28
22-10-2014,1.27
23-10-2014,1.27
24-10-2014,1.27
27-10-2014,1.27
28-10-2014,1.27
29-10-2014,1.26
30-10-2014,1.27
31-10-2014,1.27
03-11-2014,1.27
04-11-2014,1.28
05-11-2014,1.28
06-11-2014,1.29
07-11-2014,1.3
10-11-2014,1.29
11-11-2014,1.29
12-11-2014,1.3
13-11-2014,1.31
14-11-2014,1.32
17-11-2014,1.33
18-11-2014,1.34
19-11-2014,1.35
20-11-2014,1.35
21-11-2014,1.34
24-11-2014,1.34
25-11-2014,1.34
26-11-2014,1.34
27-11-2014,1.33
28-11-2014,1.34
30-11-2014,1.35
01-12-2014,1.36
02-12-2014,1.36
03-12-2014,1.37
04-12-2014,1.37
05-12-2014,1.37
08-12-2014,1.38
09-12-2014,1.4
10-12-2014,1.42
11-12-2014,1.43
12-12-2014,1.45
15-12-2014,1.47
16-12-2014,1.51
17-12-2014,1.5
18-12-2014,1.47
19-12-2014,1.46
22-12-2014,1.44
23-12-2014,1.43
24-12-2014,1.43
25-12-2014,.
26-12-2014,1.43
29-12-2014,1.43
30-12-2014,1.43
31-12-2014,1.44
01-01-2015,.
02-01-2015,1.45
05-01-2015,1.46
06-01-2015,1.48
07-01-2015,1.49
08-01-2015,1.47
09-01-2015,1.48
12-01-2015,1.49
13-01-2015,1.5
14-01-2015,1.52
15-01-2015,1.53
16-01-2015,.
19-01-2015,1.53
20-01-2015,1.53
21-01-2015,1.52
22-01-2015,1.51
23-01-2015,1.5
26-01-2015,1.49
27-01-2015,1.5
28-01-2015,1.51
29-01-2015,1.51
30-01-2015,1.52
31-01-2015,1.53
02-02-2015,1.53
03-02-2015,1.51
04-02-2015,1.5
05-02-2015,1.49
06-02-2015,1.46
09-02-2015,1.45
10-02-2015,1.45
11-02-2015,1.45
12-02-2015,1.43
13-02-2015,1.43
16-02-2015,1.43
17-02-2015,1.41
18-02-2015,1.4
19-02-2015,1.39
20-02-2015,1.38
23-02-2015,1.38
24-02-2015,1.38
25-02-2015,1.39
26-02-2015,1.37
27-02-2015,1.38
28-02-2015,1.32
02-03-2015,1.31
03-03-2015,1.3
04-03-2015,1.31
05-03-2015,1.31
06-03-2015,1.29
09-03-2015,1.3
10-03-2015,1.32
11-03-2015,1.32
12-03-2015,1.33
13-03-2015,1.34
16-03-2015,1.35
17-03-2015,1.37
18-03-2015,1.38
19-03-2015,1.38
20-03-2015,1.38
23-03-2015,1.38
24-03-2015,1.38
25-03-2015,1.38
26-03-2015,1.38
27-03-2015,1.38
30-03-2015,1.38
31-03-2015,1.36
01-04-2015,1.37
02-04-2015,1.36
03-04-2015,.
06-04-2015,1.36
07-04-2015,1.34
08-04-2015,1.34
09-04-2015,1.33
10-04-2015,1.32
13-04-2015,1.32
14-04-2015,1.32
15-04-2015,1.33
16-04-2015,1.33
17-04-2015,1.33
20-04-2015,1.33
21-04-2015,1.32
22-04-2015,1.31
23-04-2015,1.32
24-04-2015,1.32
27-04-2015,1.32
28-04-2015,1.32
29-04-2015,1.32
30-04-2015,1.34
01-05-2015,1.33
04-05-2015,1.33
05-05-2015,1.33
06-05-2015,1.33
07-05-2015,1.33
08-05-2015,1.34
11-05-2015,1.32
12-05-2015,1.33
13-05-2015,1.33
14-05-2015,1.33
15-05-2015,1.33
18-05-2015,1.32
19-05-2015,1.32
20-05-2015,1.33
21-05-2015,1.34
22-05-2015,1.34
25-05-2015,.
26-05-2015,1.34
27-05-2015,1.35
28-05-2015,1.36
29-05-2015,1.37
31-05-2015,1.38
01-06-2015,1.38
02-06-2015,1.38
03-06-2015,1.38
04-06-2015,1.39
05-06-2015,1.38
08-06-2015,1.38
09-06-2015,1.39
10-06-2015,1.4
11-06-2015,1.4
12-06-2015,1.4
15-06-2015,1.42
16-06-2015,1.43
17-06-2015,1.43
18-06-2015,1.44
19-06-2015,1.44
22-06-2015,1.43
23-06-2015,1.43
24-06-2015,1.44
25-06-2015,1.44
26-06-2015,1.43
29-06-2015,1.46
30-06-2015,1.48
01-07-2015,1.46
02-07-2015,1.46
03-07-2015,1.46
06-07-2015,1.47
07-07-2015,1.49
08-07-2015,1.5
09-07-2015,1.5
10-07-2015,1.49
13-07-2015,1.48
14-07-2015,1.49
15-07-2015,1.5
16-07-2015,1.5
17-07-2015,1.5
20-07-2015,1.5
21-07-2015,1.51
22-07-2015,1.52
23-07-2015,1.53
24-07-2015,1.54
27-07-2015,1.55
28-07-2015,1.56
29-07-2015,1.56
30-07-2015,1.56
31-07-2015,1.58
03-08-2015,1.58
04-08-2015,1.58
05-08-2015,1.58
06-08-2015,1.59
07-08-2015,1.6
10-08-2015,1.61
11-08-2015,1.62
12-08-2015,1.64
13-08-2015,1.64
14-08-2015,1.64
17-08-2015,1.64
18-08-2015,1.64
19-08-2015,1.66
20-08-2015,1.67
21-08-2015,1.69
24-08-2015,1.72
25-08-2015,1.72
26-08-2015,1.72
27-08-2015,1.7
28-08-2015,1.69
31-08-2015,1.69
01-09-2015,1.7
02-09-2015,1.69
03-09-2015,1.68
04-09-2015,1.68
07-09-2015,1.68
08-09-2015,1.67
09-09-2015,1.67
10-09-2015,1.67
11-09-2015,1.67
14-09-2015,1.67
15-09-2015,1.66
16-09-2015,1.66
17-09-2015,1.66
18-09-2015,1.66
21-09-2015,1.66
22-09-2015,1.67
23-09-2015,1.68
24-09-2015,1.7
25-09-2015,1.7
28-09-2015,1.74
29-09-2015,1.77
30-09-2015,1.78
01-10-2015,1.79
02-10-2015,1.8
05-10-2015,1.78
06-10-2015,1.77
07-10-2015,1.75
08-10-2015,1.74
09-10-2015,1.73
12-10-2015,1.73
13-10-2015,1.73
14-10-2015,1.74
15-10-2015,1.73
16-10-2015,1.72
19-10-2015,1.72
20-10-2015,1.71
21-10-2015,1.7
22-10-2015,1.69
23-10-2015,1.67
26-10-2015,1.66
27-10-2015,1.67
28-10-2015,1.66
29-10-2015,1.65
30-10-2015,1.65
31-10-2015,1.66
02-11-2015,1.65
03-11-2015,1.64
04-11-2015,1.63
05-11-2015,1.62
06-11-2015,1.61
09-11-2015,1.61
10-11-2015,1.61
11-11-2015,1.61
12-11-2015,1.62
13-11-2015,1.63
16-11-2015,1.63
17-11-2015,1.62
18-11-2015,1.63
19-11-2015,1.62
20-11-2015,1.62
23-11-2015,1.62
24-11-2015,1.63
25-11-2015,1.63
26-11-2015,1.63
27-11-2015,1.63
30-11-2015,1.62
01-12-2015,1.62
02-12-2015,1.63
03-12-2015,1.62
04-12-2015,1.62
07-12-2015,1.63
08-12-2015,1.65
09-12-2015,1.66
10-12-2015,1.67
11-12-2015,1.71
14-12-2015,1.74
15-12-2015,1.74
16-12-2015,1.73
17-12-2015,1.73
18-12-2015,1.74
21-12-2015,1.75
22-12-2015,1.74
23-12-2015,1.74
24-12-2015,1.74
25-12-2015,.
28-12-2015,1.74
29-12-2015,1.73
30-12-2015,1.72
31-12-2015,1.73
01-01-2016,.
04-01-2016,1.73
05-01-2016,1.73
06-01-2016,1.74
07-01-2016,1.75
08-01-2016,1.77
11-01-2016,1.78
12-01-2016,1.8
13-01-2016,1.8
14-01-2016,1.84
15-01-2016,1.89
18-01-2016,1.89
19-01-2016,1.91
20-01-2016,1.98
21-01-2016,1.98
22-01-2016,1.96
25-01-2016,1.98
26-01-2016,1.99
27-01-2016,2
28-01-2016,2.01
29-01-2016,2.02
31-01-2016,2.02
01-02-2016,2.02
02-02-2016,2.06
03-02-2016,2.08
04-02-2016,2.08
05-02-2016,2.09
08-02-2016,2.13
09-02-2016,2.15
10-02-2016,2.17
11-02-2016,2.21
12-02-2016,2.2
15-02-2016,2.2
16-02-2016,2.19
17-02-2016,2.17
18-02-2016,2.16
19-02-2016,2.15
22-02-2016,2.14
23-02-2016,2.14
24-02-2016,2.14
25-02-2016,2.14
26-02-2016,2.11
29-02-2016,2.05
01-03-2016,2.02
02-03-2016,1.99
03-03-2016,1.98
04-03-2016,1.95
07-03-2016,1.93
08-03-2016,1.93
09-03-2016,1.91
10-03-2016,1.88
11-03-2016,1.85
14-03-2016,1.81
15-03-2016,1.8
16-03-2016,1.8
17-03-2016,1.78
18-03-2016,1.76
21-03-2016,1.74
22-03-2016,1.72
23-03-2016,1.72
24-03-2016,1.73
25-03-2016,.
28-03-2016,1.73
29-03-2016,1.73
30-03-2016,1.72
31-03-2016,1.7
01-04-2016,1.69
04-04-2016,1.68
05-04-2016,1.69
06-04-2016,1.69
07-04-2016,1.7
08-04-2016,1.7
11-04-2016,1.69
12-04-2016,1.68
13-04-2016,1.66
14-04-2016,1.64
15-04-2016,1.64
18-04-2016,1.63
19-04-2016,1.61
20-04-2016,1.58
21-04-2016,1.56
22-04-2016,1.55
25-04-2016,1.54
26-04-2016,1.53
27-04-2016,1.53
28-04-2016,1.52
29-04-2016,1.52
30-04-2016,1.52
02-05-2016,1.52
03-05-2016,1.53
04-05-2016,1.54
05-05-2016,1.55
06-05-2016,1.56
09-05-2016,1.56
10-05-2016,1.56
11-05-2016,1.57
12-05-2016,1.56
13-05-2016,1.57
16-05-2016,1.56
17-05-2016,1.56
18-05-2016,1.55
19-05-2016,1.56
20-05-2016,1.56
23-05-2016,1.56
24-05-2016,1.55
25-05-2016,1.55
26-05-2016,1.54
27-05-2016,1.54
30-05-2016,1.54
31-05-2016,1.54
01-06-2016,1.54
02-06-2016,1.54
03-06-2016,1.56
06-06-2016,1.55
07-06-2016,1.54
08-06-2016,1.54
09-06-2016,1.54
10-06-2016,1.56
13-06-2016,1.57
14-06-2016,1.59
15-06-2016,1.6
16-06-2016,1.61
17-06-2016,1.6
20-06-2016,1.58
21-06-2016,1.57
22-06-2016,1.56
23-06-2016,1.54
24-06-2016,1.61
27-06-2016,1.64
28-06-2016,1.63
29-06-2016,1.62
30-06-2016,1.62
01-07-2016,1.61
04-07-2016,1.61
05-07-2016,1.61
06-07-2016,1.6
07-07-2016,1.59
08-07-2016,1.57
11-07-2016,1.55
12-07-2016,1.52
13-07-2016,1.52
14-07-2016,1.5
15-07-2016,1.49
18-07-2016,1.49
19-07-2016,1.48
20-07-2016,1.48
21-07-2016,1.48
22-07-2016,1.47
25-07-2016,1.46
26-07-2016,1.47
27-07-2016,1.48
28-07-2016,1.49
29-07-2016,1.5
31-07-2016,1.5
01-08-2016,1.5
02-08-2016,1.5
03-08-2016,1.51
04-08-2016,1.51
05-08-2016,1.49
08-08-2016,1.47
09-08-2016,1.47
10-08-2016,1.46
11-08-2016,1.45
12-08-2016,1.45
15-08-2016,1.44
16-08-2016,1.43
17-08-2016,1.42
18-08-2016,1.42
19-08-2016,1.4
22-08-2016,1.41
23-08-2016,1.4
24-08-2016,1.4
25-08-2016,1.39
26-08-2016,1.38
29-08-2016,1.38
30-08-2016,1.38
31-08-2016,1.39
01-09-2016,1.39
02-09-2016,1.39
05-09-2016,1.39
06-09-2016,1.4
07-09-2016,1.4
08-09-2016,1.4
09-09-2016,1.4
12-09-2016,1.42
13-09-2016,1.42
14-09-2016,1.43
15-09-2016,1.43
16-09-2016,1.43
19-09-2016,1.42
20-09-2016,1.42
21-09-2016,1.42
22-09-2016,1.41
23-09-2016,1.41
26-09-2016,1.42
27-09-2016,1.43
28-09-2016,1.43
29-09-2016,1.43
30-09-2016,1.43
03-10-2016,1.42
04-10-2016,1.41
05-10-2016,1.4
06-10-2016,1.39
07-10-2016,1.38
10-10-2016,1.38
11-10-2016,1.37
12-10-2016,1.37
13-10-2016,1.37
14-10-2016,1.36
17-10-2016,1.37
18-10-2016,1.36
19-10-2016,1.35
20-10-2016,1.35
21-10-2016,1.35
24-10-2016,1.35
25-10-2016,1.35
26-10-2016,1.36
27-10-2016,1.36
28-10-2016,1.37
31-10-2016,1.38
01-11-2016,1.39
02-11-2016,1.4
03-11-2016,1.41
04-11-2016,1.41
07-11-2016,1.4
08-11-2016,1.39
09-11-2016,1.37
10-11-2016,1.36
11-11-2016,1.36
14-11-2016,1.36
15-11-2016,1.35
16-11-2016,1.35
17-11-2016,1.35
18-11-2016,1.36
21-11-2016,1.36
22-11-2016,1.37
23-11-2016,1.36
24-11-2016,1.36
25-11-2016,1.36
28-11-2016,1.36
29-11-2016,1.36
30-11-2016,1.36
01-12-2016,1.35
02-12-2016,1.35
05-12-2016,1.35
06-12-2016,1.34
07-12-2016,1.34
08-12-2016,1.33
09-12-2016,1.33
12-12-2016,1.32
13-12-2016,1.31
14-12-2016,1.3
15-12-2016,1.3
16-12-2016,1.3
19-12-2016,1.3
20-12-2016,1.29
21-12-2016,1.29
22-12-2016,1.29
23-12-2016,1.29
26-12-2016,.
27-12-2016,1.28
28-12-2016,1.28
29-12-2016,1.28
30-12-2016,1.29
31-12-2016,1.3
02-01-2017,.
03-01-2017,1.28
04-01-2017,1.28
05-01-2017,1.29
06-01-2017,1.28
09-01-2017,1.29
10-01-2017,1.29
11-01-2017,1.29
12-01-2017,1.29
13-01-2017,1.28
16-01-2017,1.28
17-01-2017,1.28
18-01-2017,1.29
19-01-2017,1.28
20-01-2017,1.28
23-01-2017,1.28
24-01-2017,1.27
25-01-2017,1.27
26-01-2017,1.26
27-01-2017,1.26
30-01-2017,1.26
31-01-2017,1.28
01-02-2017,1.28
02-02-2017,1.28
03-02-2017,1.27
06-02-2017,1.27
07-02-2017,1.28
08-02-2017,1.28
09-02-2017,1.28
10-02-2017,1.27
13-02-2017,1.26
14-02-2017,1.24
15-02-2017,1.23
16-02-2017,1.24
17-02-2017,1.24
20-02-2017,1.24
21-02-2017,1.24
22-02-2017,1.23
23-02-2017,1.23
24-02-2017,1.23
27-02-2017,1.22
28-02-2017,1.21
01-03-2017,1.19
02-03-2017,1.18
03-03-2017,1.18
06-03-2017,1.18
07-03-2017,1.19
08-03-2017,1.19
09-03-2017,1.21
10-03-2017,1.21
13-03-2017,1.21
14-03-2017,1.22
15-03-2017,1.23
16-03-2017,1.22
17-03-2017,1.22
20-03-2017,1.22
21-03-2017,1.22
22-03-2017,1.23
23-03-2017,1.23
24-03-2017,1.23
27-03-2017,1.23
28-03-2017,1.22
29-03-2017,1.22
30-03-2017,1.22
31-03-2017,1.24
03-04-2017,1.24
04-04-2017,1.24
05-04-2017,1.24
06-04-2017,1.24
07-04-2017,1.23
10-04-2017,1.23
11-04-2017,1.24
12-04-2017,1.24
13-04-2017,1.25
14-04-2017,.
17-04-2017,1.24
18-04-2017,1.25
19-04-2017,1.25
20-04-2017,1.25
21-04-2017,1.25
24-04-2017,1.24
25-04-2017,1.23
26-04-2017,1.23
27-04-2017,1.22
28-04-2017,1.22
30-04-2017,1.23
01-05-2017,1.23
02-05-2017,1.22
03-05-2017,1.22
04-05-2017,1.21
05-05-2017,1.21
08-05-2017,1.2
09-05-2017,1.19
10-05-2017,1.19
11-05-2017,1.18
12-05-2017,1.18
15-05-2017,1.17
16-05-2017,1.17
17-05-2017,1.18
18-05-2017,1.19
19-05-2017,1.18
22-05-2017,1.18
23-05-2017,1.17
24-05-2017,1.18
25-05-2017,1.18
26-05-2017,1.18
29-05-2017,1.17
30-05-2017,1.18
31-05-2017,1.19
01-06-2017,1.19
02-06-2017,1.19
05-06-2017,1.19
06-06-2017,1.19
07-06-2017,1.19
08-06-2017,1.19
09-06-2017,1.19
12-06-2017,1.18
13-06-2017,1.18
14-06-2017,1.18
15-06-2017,1.18
16-06-2017,1.18
19-06-2017,1.17
20-06-2017,1.17
21-06-2017,1.17
22-06-2017,1.18
23-06-2017,1.18
26-06-2017,1.17
27-06-2017,1.16
28-06-2017,1.16
29-06-2017,1.15
30-06-2017,1.15
03-07-2017,1.14
04-07-2017,1.14
05-07-2017,1.14
06-07-2017,1.13
07-07-2017,1.12
10-07-2017,1.12
11-07-2017,1.12
12-07-2017,1.12
13-07-2017,1.11
14-07-2017,1.11
17-07-2017,1.1
18-07-2017,1.1
19-07-2017,1.1
20-07-2017,1.1
21-07-2017,1.1
24-07-2017,1.09
25-07-2017,1.08
26-07-2017,1.08
27-07-2017,1.08
28-07-2017,1.08
31-07-2017,1.09
01-08-2017,1.08
02-08-2017,1.08
03-08-2017,1.09
04-08-2017,1.09
07-08-2017,1.1
08-08-2017,1.1
09-08-2017,1.12
10-08-2017,1.14
11-08-2017,1.16
14-08-2017,1.15
15-08-2017,1.14
16-08-2017,1.14
17-08-2017,1.14
18-08-2017,1.15
21-08-2017,1.15
22-08-2017,1.15
23-08-2017,1.15
24-08-2017,1.15
25-08-2017,1.14
28-08-2017,1.14
29-08-2017,1.15
30-08-2017,1.15
31-08-2017,1.16
01-09-2017,1.15
04-09-2017,1.15
05-09-2017,1.16
06-09-2017,1.16
07-09-2017,1.17
08-09-2017,1.17
11-09-2017,1.17
12-09-2017,1.16
13-09-2017,1.15
14-09-2017,1.15
15-09-2017,1.14
18-09-2017,1.13
19-09-2017,1.12
20-09-2017,1.11
21-09-2017,1.11
22-09-2017,1.11
25-09-2017,1.11
26-09-2017,1.1
27-09-2017,1.09
28-09-2017,1.08
29-09-2017,1.06
30-09-2017,1.07
02-10-2017,1.06
03-10-2017,1.05
04-10-2017,1.04
05-10-2017,1.04
06-10-2017,1.04
09-10-2017,1.03
10-10-2017,1.03
11-10-2017,1.03
12-10-2017,1.03
13-10-2017,1.04
16-10-2017,1.03
17-10-2017,1.03
18-10-2017,1.02
19-10-2017,1.02
20-10-2017,1.01
23-10-2017,1.01
24-10-2017,1
25-10-2017,1
26-10-2017,1
27-10-2017,1
30-10-2017,1
31-10-2017,1.01
01-11-2017,1.01
02-11-2017,1.02
03-11-2017,1.02
06-11-2017,1.03
07-11-2017,1.04
08-11-2017,1.04
09-11-2017,1.05
10-11-2017,1.06
13-11-2017,1.05
14-11-2017,1.06
15-11-2017,1.08
16-11-2017,1.07
17-11-2017,1.06
20-11-2017,1.06
21-11-2017,1.05
22-11-2017,1.05
23-11-2017,1.05
24-11-2017,1.04
27-11-2017,1.04
28-11-2017,1.04
29-11-2017,1.03
30-11-2017,1.03
01-12-2017,1.03
04-12-2017,1.02
05-12-2017,1.02
06-12-2017,1.02
07-12-2017,1.02
08-12-2017,1.02
11-12-2017,1.02
12-12-2017,1.01
13-12-2017,1.01
14-12-2017,1.01
15-12-2017,1
18-12-2017,1
19-12-2017,0.99
20-12-2017,0.99
21-12-2017,0.99
22-12-2017,0.99
25-12-2017,.
26-12-2017,0.99
27-12-2017,0.99
28-12-2017,0.98
29-12-2017,0.98
31-12-2017,0.99
01-01-2018,.
02-01-2018,0.98
03-01-2018,0.99
04-01-2018,0.98
05-01-2018,0.98
08-01-2018,0.97
09-01-2018,0.96
10-01-2018,0.95
11-01-2018,0.95
12-01-2018,0.95
15-01-2018,0.94
16-01-2018,0.94
17-01-2018,0.94
18-01-2018,0.94
19-01-2018,0.95
22-01-2018,0.94
23-01-2018,0.94
24-01-2018,0.94
25-01-2018,0.93
26-01-2018,0.92
29-01-2018,0.92
30-01-2018,0.91
31-01-2018,0.91
01-02-2018,0.9
02-02-2018,0.9
05-02-2018,0.91
06-02-2018,0.93
07-02-2018,0.92
08-02-2018,0.93
09-02-2018,0.97
12-02-2018,0.97
13-02-2018,1
14-02-2018,0.99
15-02-2018,0.98
16-02-2018,0.98
19-02-2018,0.98
20-02-2018,0.98
21-02-2018,0.98
22-02-2018,0.99
23-02-2018,1
26-02-2018,1
27-02-2018,1
28-02-2018,1.01
01-03-2018,1.04
02-03-2018,1.05
05-03-2018,1.05
06-03-2018,1.04
07-03-2018,1.05
08-03-2018,1.05
09-03-2018,1.06
12-03-2018,1.07
13-03-2018,1.08
14-03-2018,1.09
15-03-2018,1.1
16-03-2018,1.1
19-03-2018,1.1
20-03-2018,1.11
21-03-2018,1.11
22-03-2018,1.14
23-03-2018,1.15
26-03-2018,1.16
27-03-2018,1.16
28-03-2018,1.16
29-03-2018,1.16
30-03-2018,.
31-03-2018,1.17
02-04-2018,1.17
03-04-2018,1.16
04-04-2018,1.16
05-04-2018,1.14
06-04-2018,1.14
09-04-2018,1.14
10-04-2018,1.13
11-04-2018,1.13
12-04-2018,1.12
13-04-2018,1.11
16-04-2018,1.11
17-04-2018,1.1
18-04-2018,1.1
19-04-2018,1.1
20-04-2018,1.1
23-04-2018,1.11
24-04-2018,1.11
25-04-2018,1.11
26-04-2018,1.12
27-04-2018,1.12
30-04-2018,1.14
01-05-2018,1.15
02-05-2018,1.15
03-05-2018,1.16
04-05-2018,1.17
07-05-2018,1.17
08-05-2018,1.17
09-05-2018,1.17
10-05-2018,1.16
11-05-2018,1.15
14-05-2018,1.14
15-05-2018,1.14
16-05-2018,1.14
17-05-2018,1.14
18-05-2018,1.14
21-05-2018,1.14
22-05-2018,1.14
23-05-2018,1.15
24-05-2018,1.15
25-05-2018,1.16
28-05-2018,1.16
29-05-2018,1.2
30-05-2018,1.2
31-05-2018,1.22
01-06-2018,1.21
04-06-2018,1.2
05-06-2018,1.21
06-06-2018,1.21
07-06-2018,1.21
08-06-2018,1.22
11-06-2018,1.22
12-06-2018,1.22
13-06-2018,1.21
14-06-2018,1.21
15-06-2018,1.21
18-06-2018,1.22
19-06-2018,1.24
20-06-2018,1.24
21-06-2018,1.27
22-06-2018,1.27
25-06-2018,1.29
26-06-2018,1.29
27-06-2018,1.29
28-06-2018,1.3
29-06-2018,1.29
30-06-2018,1.3
02-07-2018,1.3
03-07-2018,1.3
04-07-2018,1.3
05-07-2018,1.29
06-07-2018,1.28
09-07-2018,1.27
10-07-2018,1.25
11-07-2018,1.25
12-07-2018,1.25
13-07-2018,1.24
16-07-2018,1.23
17-07-2018,1.23
18-07-2018,1.23
19-07-2018,1.23
20-07-2018,1.22
23-07-2018,1.21
24-07-2018,1.2
25-07-2018,1.19
26-07-2018,1.17
27-07-2018,1.16
30-07-2018,1.16
31-07-2018,1.16
01-08-2018,1.16
02-08-2018,1.16
03-08-2018,1.15
06-08-2018,1.15
07-08-2018,1.14
08-08-2018,1.15
09-08-2018,1.16
10-08-2018,1.18
13-08-2018,1.19
14-08-2018,1.19
15-08-2018,1.2
16-08-2018,1.19
17-08-2018,1.18
20-08-2018,1.19
21-08-2018,1.18
22-08-2018,1.19
23-08-2018,1.19
24-08-2018,1.19
27-08-2018,1.19
28-08-2018,1.18
29-08-2018,1.18
30-08-2018,1.19
31-08-2018,1.21
03-09-2018,1.21
04-09-2018,1.21
05-09-2018,1.21
06-09-2018,1.21
07-09-2018,1.2
10-09-2018,1.2
11-09-2018,1.19
12-09-2018,1.18
13-09-2018,1.17
14-09-2018,1.16
17-09-2018,1.15
18-09-2018,1.15
19-09-2018,1.14
20-09-2018,1.13
21-09-2018,1.13
24-09-2018,1.13
25-09-2018,1.12
26-09-2018,1.12
27-09-2018,1.12
28-09-2018,1.11
30-09-2018,1.13
01-10-2018,1.13
02-10-2018,1.13
03-10-2018,1.11
04-10-2018,1.12
05-10-2018,1.13
08-10-2018,1.13
09-10-2018,1.13
10-10-2018,1.13
11-10-2018,1.16
12-10-2018,1.16
15-10-2018,1.15
16-10-2018,1.16
17-10-2018,1.16
18-10-2018,1.17
19-10-2018,1.17
22-10-2018,1.18
23-10-2018,1.2
24-10-2018,1.19
25-10-2018,1.22
26-10-2018,1.23
29-10-2018,1.23
30-10-2018,1.25
31-10-2018,1.25
01-11-2018,1.26
02-11-2018,1.24
05-11-2018,1.25
06-11-2018,1.23
07-11-2018,1.22
08-11-2018,1.22
09-11-2018,1.23
12-11-2018,1.23
13-11-2018,1.26
14-11-2018,1.29
15-11-2018,1.33
16-11-2018,1.34
19-11-2018,1.36
20-11-2018,1.39
21-11-2018,1.38
22-11-2018,1.38
23-11-2018,1.38
26-11-2018,1.38
27-11-2018,1.4
28-11-2018,1.41
29-11-2018,1.42
30-11-2018,1.45
03-12-2018,1.44
04-12-2018,1.46
05-12-2018,1.46
06-12-2018,1.51
07-12-2018,1.51
10-12-2018,1.52
11-12-2018,1.51
12-12-2018,1.5
13-12-2018,1.48
14-12-2018,1.48
17-12-2018,1.48
18-12-2018,1.49
19-12-2018,1.49
20-12-2018,1.52
21-12-2018,1.54
24-12-2018,1.55
25-12-2018,.
26-12-2018,1.56
27-12-2018,1.57
28-12-2018,1.58
31-12-2018,1.59
01-01-2019,.
02-01-2019,1.6
03-01-2019,1.63
04-01-2019,1.62
07-01-2019,1.6
08-01-2019,1.58
09-01-2019,1.56
10-01-2019,1.55
11-01-2019,1.54
14-01-2019,1.54
15-01-2019,1.54
16-01-2019,1.52
17-01-2019,1.5
18-01-2019,1.46
21-01-2019,1.46
22-01-2019,1.46
23-01-2019,1.44
24-01-2019,1.43
25-01-2019,1.4
28-01-2019,1.4
29-01-2019,1.39
30-01-2019,1.39
31-01-2019,1.38
01-02-2019,1.36
04-02-2019,1.34
05-02-2019,1.33
06-02-2019,1.32
07-02-2019,1.34
08-02-2019,1.34
11-02-2019,1.34
12-02-2019,1.33
13-02-2019,1.32
14-02-2019,1.33
15-02-2019,1.32
18-02-2019,1.32
19-02-2019,1.32
20-02-2019,1.32
21-02-2019,1.32
22-02-2019,1.32
25-02-2019,1.31
26-02-2019,1.31
27-02-2019,1.3
28-02-2019,1.29
01-03-2019,1.28
04-03-2019,1.27
05-03-2019,1.27
06-03-2019,1.28
07-03-2019,1.29
08-03-2019,1.29
11-03-2019,1.29
12-03-2019,1.28
13-03-2019,1.28
14-03-2019,1.27
15-03-2019,1.26
18-03-2019,1.26
19-03-2019,1.25
20-03-2019,1.26
21-03-2019,1.25
22-03-2019,1.25
25-03-2019,1.25
26-03-2019,1.25
27-03-2019,1.25
28-03-2019,1.25
29-03-2019,1.25
31-03-2019,1.27
01-04-2019,1.25
02-04-2019,1.25
03-04-2019,1.24
04-04-2019,1.24
05-04-2019,1.23
08-04-2019,1.22
09-04-2019,1.22
10-04-2019,1.21
11-04-2019,1.2
12-04-2019,1.18
15-04-2019,1.17
16-04-2019,1.16
17-04-2019,1.16
18-04-2019,1.17
19-04-2019,.
22-04-2019,1.17
23-04-2019,1.17
24-04-2019,1.17
25-04-2019,1.17
26-04-2019,1.17
29-04-2019,1.16
30-04-2019,1.17
01-05-2019,1.17
02-05-2019,1.18
03-05-2019,1.18
06-05-2019,1.18
07-05-2019,1.19
08-05-2019,1.2
09-05-2019,1.22
10-05-2019,1.22
13-05-2019,1.24
14-05-2019,1.24
15-05-2019,1.24
16-05-2019,1.24
17-05-2019,1.24
20-05-2019,1.24
21-05-2019,1.24
22-05-2019,1.25
23-05-2019,1.28
24-05-2019,1.27
27-05-2019,1.27
28-05-2019,1.29
29-05-2019,1.32
30-05-2019,1.31
31-05-2019,1.35
03-06-2019,1.36
04-06-2019,1.35
05-06-2019,1.34
06-06-2019,1.34
07-06-2019,1.34
10-06-2019,1.32
11-06-2019,1.32
12-06-2019,1.32
13-06-2019,1.32
14-06-2019,1.32
17-06-2019,1.32
18-06-2019,1.3
19-06-2019,1.3
20-06-2019,1.28
21-06-2019,1.25
24-06-2019,1.23
25-06-2019,1.24
26-06-2019,1.23
27-06-2019,1.23
28-06-2019,1.22
30-06-2019,1.22
01-07-2019,1.21
02-07-2019,1.2
03-07-2019,1.2
04-07-2019,1.2
05-07-2019,1.19
08-07-2019,1.19
09-07-2019,1.2
10-07-2019,1.2
11-07-2019,1.19
12-07-2019,1.18
15-07-2019,1.18
16-07-2019,1.18
17-07-2019,1.18
18-07-2019,1.19
19-07-2019,1.18
22-07-2019,1.17
23-07-2019,1.16
24-07-2019,1.16
25-07-2019,1.15
26-07-2019,1.14
29-07-2019,1.13
30-07-2019,1.14
31-07-2019,1.14
01-08-2019,1.17
02-08-2019,1.19
05-08-2019,1.24
06-08-2019,1.25
07-08-2019,1.27
08-08-2019,1.26
09-08-2019,1.26
12-08-2019,1.27
13-08-2019,1.26
14-08-2019,1.29
15-08-2019,1.31
16-08-2019,1.31
19-08-2019,1.29
20-08-2019,1.28
21-08-2019,1.26
22-08-2019,1.25
23-08-2019,1.25
26-08-2019,1.25
27-08-2019,1.25
28-08-2019,1.26
29-08-2019,1.26
30-08-2019,1.25
31-08-2019,1.26
02-09-2019,1.26
03-09-2019,1.27
04-09-2019,1.27
05-09-2019,1.26
06-09-2019,1.26
09-09-2019,1.25
10-09-2019,1.25
11-09-2019,1.24
12-09-2019,1.22
13-09-2019,1.21
16-09-2019,1.21
17-09-2019,1.21
18-09-2019,1.2
19-09-2019,1.19
20-09-2019,1.19
23-09-2019,1.19
24-09-2019,1.2
25-09-2019,1.2
26-09-2019,1.2
27-09-2019,1.21
30-09-2019,1.22
01-10-2019,1.22
02-10-2019,1.25
03-10-2019,1.26
04-10-2019,1.26
07-10-2019,1.25
08-10-2019,1.26
09-10-2019,1.25
10-10-2019,1.25
11-10-2019,1.22
14-10-2019,1.22
15-10-2019,1.2
16-10-2019,1.2
17-10-2019,1.19
18-10-2019,1.18
21-10-2019,1.17
22-10-2019,1.16
23-10-2019,1.17
24-10-2019,1.16
25-10-2019,1.14
28-10-2019,1.13
29-10-2019,1.13
30-10-2019,1.14
31-10-2019,1.17
01-11-2019,1.16
04-11-2019,1.15
05-11-2019,1.13
06-11-2019,1.13
07-11-2019,1.11
08-11-2019,1.11
11-11-2019,1.11
12-11-2019,1.11
13-11-2019,1.12
14-11-2019,1.13
15-11-2019,1.12
18-11-2019,1.12
19-11-2019,1.12
20-11-2019,1.13
21-11-2019,1.14
22-11-2019,1.13
25-11-2019,1.12
26-11-2019,1.12
27-11-2019,1.11
28-11-2019,.
29-11-2019,1.11
30-11-2019,1.11
02-12-2019,1.11
03-12-2019,1.13
04-12-2019,1.11
05-12-2019,1.1
06-12-2019,1.09
09-12-2019,1.08
10-12-2019,1.07
11-12-2019,1.07
12-12-2019,1.06
13-12-2019,1.05
16-12-2019,1.04
17-12-2019,1.03
18-12-2019,1.02
19-12-2019,1.01
20-12-2019,1.01
23-12-2019,1.01
24-12-2019,1
25-12-2019,.
26-12-2019,1
27-12-2019,1
30-12-2019,1
31-12-2019,1.01
01-01-2020,.
02-01-2020,1.01
03-01-2020,1.03
06-01-2020,1.03
07-01-2020,1.04
08-01-2020,1.03
09-01-2020,1.02
10-01-2020,1.01
13-01-2020,1.01
14-01-2020,1.02
15-01-2020,1.02
16-01-2020,1.01
17-01-2020,0.99
20-01-2020,0.99
21-01-2020,0.99
22-01-2020,0.99
23-01-2020,1
24-01-2020,1.01
27-01-2020,1.04
28-01-2020,1.04
29-01-2020,1.04
30-01-2020,1.06
31-01-2020,1.09
03-02-2020,1.08
04-02-2020,1.06
05-02-2020,1.05
06-02-2020,1.03
07-02-2020,1.04
10-02-2020,1.04
11-02-2020,1.04
12-02-2020,1.02
13-02-2020,1.02
14-02-2020,1.02
17-02-2020,1.02
18-02-2020,1.02
19-02-2020,1.02
20-02-2020,1.04
21-02-2020,1.05
24-02-2020,1.1
25-02-2020,1.13
26-02-2020,1.15
27-02-2020,1.21
28-02-2020,1.31
29-02-2020,1.3
02-03-2020,1.33
03-03-2020,1.32
04-03-2020,1.32
05-03-2020,1.35
06-03-2020,1.49
09-03-2020,1.88
10-03-2020,1.87
11-03-2020,1.96
12-03-2020,2.22
13-03-2020,2.29
16-03-2020,2.55
17-03-2020,2.72
18-03-2020,3.03
19-03-2020,3.51
20-03-2020,3.87
23-03-2020,4.01
24-03-2020,3.82
25-03-2020,3.54
26-03-2020,3.33
27-03-2020,3.24
30-03-2020,3.15
31-03-2020,3.05
01-04-2020,3.05
02-04-2020,3.06
03-04-2020,3.08
06-04-2020,3.03
07-04-2020,2.92
08-04-2020,2.83
09-04-2020,2.61
10-04-2020,.
13-04-2020,2.46
14-04-2020,2.35
15-04-2020,2.38
16-04-2020,2.36
17-04-2020,2.34
20-04-2020,2.36
21-04-2020,2.41
22-04-2020,2.39
23-04-2020,2.36
24-04-2020,2.36
27-04-2020,2.34
28-04-2020,2.34
29-04-2020,2.31
30-04-2020,2.17
01-05-2020,2.18
04-05-2020,2.2
05-05-2020,2.18
06-05-2020,2.18
07-05-2020,2.21
08-05-2020,2.22
11-05-2020,2.23
12-05-2020,2.22
13-05-2020,2.21
14-05-2020,2.21
15-05-2020,2.2
18-05-2020,2.12
19-05-2020,2.06
20-05-2020,2.01
21-05-2020,1.98
22-05-2020,1.97
25-05-2020,1.96
26-05-2020,1.92
27-05-2020,1.9
28-05-2020,1.87
29-05-2020,1.85
31-05-2020,1.87
01-06-2020,1.85
02-06-2020,1.81
03-06-2020,1.74
04-06-2020,1.7
05-06-2020,1.6
08-06-2020,1.56
09-06-2020,1.59
10-06-2020,1.61
11-06-2020,1.7
12-06-2020,1.69
15-06-2020,1.7
16-06-2020,1.58
17-06-2020,1.57
18-06-2020,1.58
19-06-2020,1.57
22-06-2020,1.57
23-06-2020,1.56
24-06-2020,1.6
25-06-2020,1.61
26-06-2020,1.62
29-06-2020,1.62
30-06-2020,1.6
01-07-2020,1.58
02-07-2020,1.54
03-07-2020,1.54
06-07-2020,1.51
07-07-2020,1.51
08-07-2020,1.51
09-07-2020,1.52
10-07-2020,1.52
13-07-2020,1.5
14-07-2020,1.5
15-07-2020,1.48
16-07-2020,1.47
17-07-2020,1.46
20-07-2020,1.44
21-07-2020,1.41
22-07-2020,1.39
23-07-2020,1.39
24-07-2020,1.39
27-07-2020,1.39
28-07-2020,1.4
29-07-2020,1.4
30-07-2020,1.41
31-07-2020,1.41
03-08-2020,1.4
04-08-2020,1.4
05-08-2020,1.37
06-08-2020,1.36
07-08-2020,1.35
10-08-2020,1.34
11-08-2020,1.33
12-08-2020,1.33
13-08-2020,1.34
14-08-2020,1.35
17-08-2020,1.36
18-08-2020,1.37
19-08-2020,1.37
20-08-2020,1.38
21-08-2020,1.38
24-08-2020,1.37
25-08-2020,1.37
26-08-2020,1.37
27-08-2020,1.38
28-08-2020,1.37
31-08-2020,1.36
01-09-2020,1.35
02-09-2020,1.34
03-09-2020,1.35
04-09-2020,1.35
07-09-2020,1.35
08-09-2020,1.37
09-09-2020,1.37
10-09-2020,1.37
11-09-2020,1.37
14-09-2020,1.36
15-09-2020,1.36
16-09-2020,1.35
17-09-2020,1.35
18-09-2020,1.35
21-09-2020,1.37
22-09-2020,1.37
23-09-2020,1.39
24-09-2020,1.43
25-09-2020,1.46
28-09-2020,1.45
29-09-2020,1.44
30-09-2020,1.44
01-10-2020,1.43
02-10-2020,1.43
05-10-2020,1.4
06-10-2020,1.38
07-10-2020,1.36
08-10-2020,1.36
09-10-2020,1.35
12-10-2020,1.34
13-10-2020,1.33
14-10-2020,1.33
15-10-2020,1.34
16-10-2020,1.33
19-10-2020,1.32
20-10-2020,1.32
21-10-2020,1.31
22-10-2020,1.31
23-10-2020,1.3
26-10-2020,1.3
27-10-2020,1.3
28-10-2020,1.32
29-10-2020,1.33
30-10-2020,1.33
31-10-2020,1.34
02-11-2020,1.33
03-11-2020,1.32
04-11-2020,1.3
05-11-2020,1.27
06-11-2020,1.25
09-11-2020,1.19
10-11-2020,1.19
11-11-2020,1.18
12-11-2020,1.21
13-11-2020,1.21
16-11-2020,1.19
17-11-2020,1.19
18-11-2020,1.17
19-11-2020,1.16
20-11-2020,1.16
23-11-2020,1.16
24-11-2020,1.15
25-11-2020,1.14
26-11-2020,1.14
27-11-2020,1.13
30-11-2020,1.12
01-12-2020,1.09
02-12-2020,1.08
03-12-2020,1.07
04-12-2020,1.07
07-12-2020,1.07
08-12-2020,1.08
09-12-2020,1.1
10-12-2020,1.11
11-12-2020,1.11
14-12-2020,1.11
15-12-2020,1.1
16-12-2020,1.08
17-12-2020,1.07
18-12-2020,1.07
21-12-2020,1.07
22-12-2020,1.07
23-12-2020,1.07
24-12-2020,1.06
25-12-2020,.
28-12-2020,1.05
29-12-2020,1.05
30-12-2020,1.03
31-12-2020,1.03
01-01-2021,.
04-01-2021,1.04
05-01-2021,1.05
06-01-2021,1.04
07-01-2021,1.03
08-01-2021,1.02
11-01-2021,1.01
12-01-2021,1.01
13-01-2021,1
14-01-2021,0.99
15-01-2021,1
18-01-2021,0.99
19-01-2021,0.99
20-01-2021,0.99
21-01-2021,1
22-01-2021,1.01
25-01-2021,1.02
26-01-2021,1.02
27-01-2021,1.03
28-01-2021,1.02
29-01-2021,1.02
31-01-2021,1.03
01-02-2021,1.03
02-02-2021,1.02
03-02-2021,1.01
04-02-2021,1
05-02-2021,0.99
08-02-2021,0.98
09-02-2021,0.98
10-02-2021,0.98
11-02-2021,0.98
12-02-2021,0.97
15-02-2021,0.97
16-02-2021,0.95
17-02-2021,0.94
18-02-2021,0.94
19-02-2021,0.94
22-02-2021,0.95
23-02-2021,0.97
24-02-2021,0.96
25-02-2021,0.95
26-02-2021,0.95
28-02-2021,0.95
01-03-2021,0.96
02-03-2021,0.96
03-03-2021,0.95
04-03-2021,0.97
05-03-2021,1
08-03-2021,1.02
09-03-2021,1.04
10-03-2021,1.04
11-03-2021,1.02
12-03-2021,1.02
15-03-2021,1.02
16-03-2021,1.01
17-03-2021,1.02
18-03-2021,1
19-03-2021,1
22-03-2021,1
23-03-2021,1.01
24-03-2021,1.01
25-03-2021,1.02
26-03-2021,1.01
29-03-2021,1
30-03-2021,0.99
31-03-2021,0.97
01-04-2021,0.95
02-04-2021,.
05-04-2021,0.94
06-04-2021,0.95
07-04-2021,0.95
08-04-2021,0.95
09-04-2021,0.94
12-04-2021,0.94
13-04-2021,0.94
14-04-2021,0.93
15-04-2021,0.94
16-04-2021,0.94
19-04-2021,0.95
20-04-2021,0.96
21-04-2021,0.96
22-04-2021,0.96
23-04-2021,0.95
26-04-2021,0.95
27-04-2021,0.94
28-04-2021,0.94
29-04-2021,0.94
30-04-2021,0.94
03-05-2021,0.94
04-05-2021,0.94
05-05-2021,0.94
06-05-2021,0.94
07-05-2021,0.93
10-05-2021,0.93
11-05-2021,0.93
12-05-2021,0.93
13-05-2021,0.93
14-05-2021,0.92
17-05-2021,0.91
18-05-2021,0.91
19-05-2021,0.92
20-05-2021,0.92
21-05-2021,0.91
24-05-2021,0.91
25-05-2021,0.9
26-05-2021,0.9
27-05-2021,0.9
28-05-2021,0.9
31-05-2021,0.91
01-06-2021,0.91
02-06-2021,0.9
03-06-2021,0.9
04-06-2021,0.91
07-06-2021,0.91
08-06-2021,0.91
09-06-2021,0.91
10-06-2021,0.91
11-06-2021,0.9
14-06-2021,0.89
15-06-2021,0.89
16-06-2021,0.87
17-06-2021,0.87
18-06-2021,0.87
21-06-2021,0.87
22-06-2021,0.88
23-06-2021,0.88
24-06-2021,0.87
25-06-2021,0.86
28-06-2021,0.86
29-06-2021,0.86
30-06-2021,0.86
01-07-2021,0.87
