station_id,num_bikes_available,num_bikes_disabled,num_docks_available,num_docks_disabled,is_installed,is_renting,is_returning,last_reported,eightd_has_available_keys
72,2,5,32,0,1,1,1,7/16/2018 13:57,0
79,30,0,3,0,1,1,1,7/16/2018 13:52,0
82,4,0,23,0,1,1,1,7/16/2018 13:40,0
83,35,2,25,0,1,1,1,7/16/2018 13:26,0
119,11,0,8,0,1,1,1,7/16/2018 13:55,0
120,1,0,18,0,1,1,1,7/16/2018 12:48,0
127,8,3,20,0,1,1,1,7/16/2018 14:03,0
128,26,2,2,0,1,1,1,7/16/2018 13:57,0
143,7,0,17,0,1,1,1,7/16/2018 14:03,0
144,17,0,2,0,1,1,1,7/16/2018 13:54,0
146,11,1,27,0,1,1,1,7/16/2018 14:02,0
150,1,2,26,0,1,1,1,7/16/2018 13:58,0
151,15,0,18,0,1,1,1,7/16/2018 13:58,1
152,0,0,24,0,1,0,0,4/10/2018 9:15,0
157,6,0,17,0,1,1,1,7/16/2018 13:53,0
161,0,0,3,0,0,0,0,7/5/2018 7:53,0
164,36,2,9,0,1,1,1,7/16/2018 13:59,0
167,0,5,40,0,1,1,1,7/16/2018 14:01,0
168,26,3,18,0,1,1,1,7/16/2018 14:00,0
173,0,2,29,0,1,1,1,7/16/2018 13:59,0
174,3,0,27,0,1,1,1,7/16/2018 14:00,0
195,43,0,2,0,1,1,1,7/16/2018 14:01,0
212,15,0,13,0,1,1,1,7/16/2018 13:58,0
216,4,1,18,0,1,1,1,7/16/2018 13:30,0
217,38,1,0,0,1,1,1,7/16/2018 13:52,1
223,0,2,31,0,1,1,1,7/16/2018 13:53,0
228,49,0,6,0,1,1,1,7/16/2018 14:01,0
229,5,0,18,0,1,1,1,7/16/2018 13:56,0
232,17,0,6,0,1,1,1,7/16/2018 14:03,1
236,1,3,35,0,1,1,1,7/16/2018 14:00,0
237,6,2,31,0,1,1,1,7/16/2018 14:03,0
238,2,1,28,0,1,1,1,7/16/2018 14:00,0
239,16,0,15,0,1,1,1,7/16/2018 13:50,0
241,1,1,21,0,1,1,1,7/16/2018 13:58,0
242,19,3,1,0,1,1,1,7/16/2018 13:44,0
243,31,0,0,0,1,1,1,7/16/2018 13:03,0
244,2,0,29,0,1,1,1,7/16/2018 13:57,0
245,1,2,20,0,1,1,1,7/16/2018 13:15,0
247,4,0,16,0,1,1,1,7/16/2018 14:02,0
248,14,3,6,0,1,1,1,7/16/2018 13:55,0
249,24,0,2,1,1,1,1,7/16/2018 13:53,0
251,1,0,26,0,1,1,1,7/16/2018 14:01,0
252,7,0,17,0,1,1,1,7/16/2018 13:51,0
253,2,0,53,0,1,1,1,7/16/2018 14:03,0
254,2,0,29,0,1,1,1,7/16/2018 13:54,0
257,35,0,4,0,1,1,1,7/16/2018 14:03,0
258,1,0,22,0,1,1,1,7/16/2018 14:03,0
259,25,1,13,0,1,1,1,7/16/2018 13:57,1
260,0,0,0,4,1,0,0,6/4/2018 14:50,0
261,12,1,14,0,1,1,1,7/16/2018 13:44,0
262,22,2,0,0,1,1,1,7/16/2018 13:59,0
264,23,1,3,0,1,1,1,7/16/2018 13:55,0
265,5,2,28,0,1,1,1,7/16/2018 13:58,0
266,2,0,22,0,1,1,1,7/16/2018 13:50,0
267,9,1,47,0,1,1,1,7/16/2018 13:49,0
268,23,1,3,0,1,1,1,7/16/2018 14:02,0
270,3,0,20,0,1,1,1,7/16/2018 14:01,0
274,21,1,9,0,1,1,1,7/16/2018 13:52,0
275,16,0,3,0,1,1,1,7/16/2018 13:56,0
276,24,0,1,0,1,1,1,7/16/2018 13:43,0
278,13,1,5,0,1,1,1,7/16/2018 13:46,0
279,9,2,25,0,1,1,1,7/16/2018 13:51,1
280,4,0,27,0,1,1,1,7/16/2018 14:00,0
281,21,2,34,0,1,1,0,7/16/2018 14:03,1
282,21,1,5,0,1,1,1,7/16/2018 14:02,0
285,1,1,49,0,1,1,1,7/16/2018 14:03,0
289,11,0,8,0,1,1,1,7/16/2018 13:20,0
291,2,0,18,0,1,1,1,7/16/2018 13:56,0
293,9,5,41,0,1,1,1,7/16/2018 14:03,0
295,2,0,22,0,1,1,1,7/16/2018 14:00,0
296,1,0,34,0,1,1,1,7/16/2018 14:03,0
297,1,0,26,0,1,1,1,7/16/2018 13:43,0
298,5,1,29,0,1,1,1,7/16/2018 13:55,0
301,0,1,36,0,1,1,1,7/16/2018 13:09,0
302,0,1,22,0,1,1,1,7/16/2018 14:02,0
303,28,1,2,0,1,1,1,7/16/2018 13:58,0
304,21,0,12,0,1,0,0,7/16/2018 13:57,1
305,28,0,5,0,1,1,1,7/16/2018 14:02,0
306,16,0,1,0,1,1,1,7/16/2018 13:38,0
307,8,0,22,0,1,1,1,7/16/2018 14:03,0
308,4,1,22,0,1,1,1,7/16/2018 14:03,0
309,37,4,0,0,1,1,1,7/16/2018 13:59,0
310,11,3,22,0,1,1,1,7/16/2018 13:54,0
311,1,0,30,0,1,1,1,7/16/2018 13:57,0
312,2,0,29,0,1,1,1,7/16/2018 13:59,0
313,4,0,19,0,1,1,1,7/16/2018 13:27,0
314,13,0,26,0,1,1,1,7/16/2018 14:00,0
315,28,0,1,0,1,1,1,7/16/2018 14:02,0
316,22,3,16,2,1,1,1,7/16/2018 14:03,0
317,0,1,26,0,1,0,0,7/16/2018 11:12,0
319,25,2,6,0,1,1,1,7/16/2018 14:01,0
320,21,2,4,0,1,1,1,7/16/2018 14:00,0
321,25,1,1,0,1,1,1,7/16/2018 13:40,1
322,5,1,25,0,1,1,1,7/16/2018 13:42,0
323,0,0,3,0,0,0,0,6/25/2018 11:18,0
324,25,0,26,0,1,1,1,7/16/2018 13:51,0
325,1,2,32,0,1,1,1,7/16/2018 14:02,0
326,1,1,25,0,1,1,1,7/16/2018 13:59,0
327,35,2,2,0,1,1,1,7/16/2018 14:01,0
328,19,1,3,0,1,1,1,7/16/2018 14:01,0
330,38,1,0,0,1,1,1,7/16/2018 13:45,0
331,0,1,26,0,1,1,1,7/16/2018 13:41,0
332,0,0,24,0,1,1,1,7/16/2018 14:03,0
334,2,1,28,0,1,1,1,7/16/2018 13:46,0
335,5,0,22,0,1,1,1,7/16/2018 14:02,0
336,13,1,22,0,1,1,1,7/16/2018 13:53,0
337,33,2,2,0,1,1,1,7/16/2018 13:58,0
339,1,0,23,0,1,1,1,7/16/2018 13:54,0
340,0,0,27,0,1,1,1,7/16/2018 13:57,0
341,8,0,11,0,1,1,1,7/16/2018 14:03,0
342,1,1,27,0,1,1,1,7/16/2018 13:56,0
343,13,1,9,0,1,1,1,7/16/2018 14:03,0
344,13,0,10,0,1,1,1,7/16/2018 13:46,0
345,1,0,34,0,1,1,1,7/16/2018 14:02,0
346,7,4,16,0,1,1,1,7/16/2018 13:58,0
347,11,2,22,0,1,1,1,7/16/2018 13:53,0
349,1,1,21,0,1,1,1,7/16/2018 13:59,0
350,0,0,28,0,1,1,1,7/16/2018 13:56,0
351,39,0,0,0,1,1,1,7/16/2018 13:31,0
353,15,0,12,0,1,1,1,7/16/2018 14:01,0
354,12,0,11,0,1,1,1,7/16/2018 13:46,0
355,11,0,32,0,1,1,1,7/16/2018 14:03,0
356,2,1,20,0,1,1,1,7/16/2018 14:03,0
357,2,0,25,0,1,1,1,7/16/2018 13:48,0
358,6,0,30,0,1,1,1,7/16/2018 14:02,0
359,3,0,50,0,1,0,0,7/16/2018 14:01,0
360,32,1,6,0,1,1,1,7/16/2018 13:53,0
361,1,1,41,0,1,1,1,7/16/2018 13:52,0
362,50,2,5,0,1,0,0,7/16/2018 13:47,0
363,18,1,30,0,1,1,1,7/16/2018 13:52,0
364,13,0,14,0,1,1,1,7/16/2018 13:44,0
365,16,0,15,0,1,1,1,7/16/2018 13:30,0
366,2,0,31,0,1,1,1,7/16/2018 13:44,0
368,17,2,20,0,1,1,1,7/16/2018 14:00,0
369,7,0,28,0,1,1,1,7/16/2018 14:03,0
372,2,0,25,0,1,1,1,7/16/2018 14:00,0
373,9,0,10,0,1,1,1,7/16/2018 14:03,0
376,41,0,2,0,1,1,1,7/16/2018 14:00,0
377,24,7,14,0,1,0,0,7/16/2018 13:57,0
379,5,0,37,0,1,1,1,7/16/2018 14:02,0
380,6,5,28,0,1,1,1,7/16/2018 14:03,0
382,4,0,32,0,1,1,1,7/16/2018 14:00,0
383,7,3,29,0,1,1,1,7/16/2018 14:00,0
386,35,1,7,0,1,1,1,7/16/2018 14:02,0
387,20,0,19,0,1,1,1,7/16/2018 14:00,0
388,11,1,23,0,1,1,1,7/16/2018 14:01,0
389,3,0,24,0,1,1,1,7/16/2018 13:53,0
390,26,0,5,0,1,1,1,7/16/2018 14:00,0
391,11,1,19,0,1,1,1,7/16/2018 13:50,0
392,31,0,4,0,1,1,1,7/16/2018 13:31,0
393,0,1,30,0,1,1,1,7/16/2018 13:54,0
394,4,0,28,0,1,1,1,7/16/2018 14:02,0
396,2,1,22,0,1,1,1,7/16/2018 13:58,0
397,7,0,20,0,1,1,1,7/16/2018 14:03,0
398,23,0,8,0,1,1,1,7/16/2018 14:02,0
399,11,1,15,0,1,1,1,7/16/2018 13:12,0
400,0,0,15,0,1,1,1,7/16/2018 12:24,0
401,2,2,38,0,1,1,1,7/16/2018 14:02,0
402,4,1,33,1,1,1,1,7/16/2018 14:02,0
403,9,2,20,0,1,1,1,7/16/2018 14:02,0
405,13,6,21,0,1,1,1,7/16/2018 14:03,0
406,1,0,33,0,1,1,1,7/16/2018 13:47,0
407,35,1,1,0,1,1,1,7/16/2018 13:39,0
408,0,2,21,0,1,1,1,7/16/2018 13:25,0
409,2,0,17,0,1,1,1,7/16/2018 13:51,0
410,0,0,35,0,1,1,1,7/16/2018 14:02,0
411,1,0,22,0,1,1,1,7/16/2018 14:01,0
412,0,1,27,1,1,1,1,7/16/2018 13:59,0
414,22,0,2,0,1,1,1,7/16/2018 13:41,0
415,31,4,7,0,1,1,1,7/16/2018 13:59,0
416,2,0,29,0,1,1,1,7/16/2018 13:51,0
417,22,1,0,0,1,1,1,7/16/2018 13:49,0
418,23,0,0,0,1,1,1,7/16/2018 13:40,0
419,10,1,12,0,1,1,1,7/16/2018 12:59,0
420,0,0,23,0,1,1,1,7/16/2018 12:33,0
421,5,0,14,0,1,1,1,7/16/2018 13:36,0
422,0,4,51,0,1,1,1,7/16/2018 13:46,0
423,1,0,26,0,1,1,1,7/16/2018 14:00,0
426,19,0,10,0,1,0,0,7/16/2018 14:01,1
427,38,3,6,0,1,1,1,7/16/2018 13:55,0
432,1,2,28,0,1,1,1,7/16/2018 14:01,0
433,0,0,39,0,1,1,1,7/16/2018 13:49,0
435,14,2,31,0,1,1,1,7/16/2018 14:02,1
436,0,1,26,0,1,1,1,7/16/2018 13:16,0
437,15,2,7,0,1,1,1,7/16/2018 13:53,0
438,1,3,37,0,1,1,1,7/16/2018 13:57,0
439,0,0,3,0,0,0,0,7/6/2018 8:16,0
440,27,2,3,0,1,1,1,7/16/2018 14:02,0
441,9,2,24,0,1,1,1,7/16/2018 14:03,0
442,3,1,47,0,1,1,1,7/16/2018 14:00,0
443,0,0,23,0,1,1,1,7/16/2018 13:37,0
445,3,2,47,0,1,1,1,7/16/2018 14:03,0
446,0,2,37,0,1,1,1,7/16/2018 14:00,0
447,1,0,21,1,1,1,1,7/16/2018 14:03,0
448,3,2,26,0,1,1,1,7/16/2018 13:55,0
449,0,0,0,5,1,0,0,3/8/2018 9:00,0
450,0,1,58,0,1,1,1,7/16/2018 13:55,0
453,2,0,37,0,1,1,1,7/16/2018 14:03,0
454,2,0,33,0,1,1,1,7/16/2018 13:53,0
455,32,1,6,0,1,1,1,7/16/2018 14:02,0
456,11,0,24,0,1,1,1,7/16/2018 14:03,0
457,4,4,31,0,1,1,1,7/16/2018 14:02,0
458,19,1,11,0,1,1,1,7/16/2018 14:03,0
459,45,2,2,0,1,1,1,7/16/2018 14:01,1
460,11,0,12,0,1,1,1,7/16/2018 13:58,0
461,6,1,32,0,1,1,1,7/16/2018 14:02,0
462,8,2,37,0,1,1,1,7/16/2018 13:59,0
465,0,2,27,8,1,1,1,7/16/2018 14:00,0
466,14,2,19,0,1,1,1,7/16/2018 14:02,0
467,22,1,11,0,1,1,1,7/16/2018 13:59,0
468,1,1,47,0,1,1,1,7/16/2018 14:03,0
469,17,0,40,0,1,0,0,7/16/2018 13:59,0
470,2,1,35,0,1,1,1,7/16/2018 13:44,0
471,6,0,25,0,1,1,1,7/16/2018 13:52,0
472,8,2,31,0,1,1,1,7/16/2018 14:02,0
473,6,1,31,0,1,1,1,7/16/2018 13:53,0
474,9,2,36,0,1,1,1,7/16/2018 14:03,0
476,2,0,45,0,1,1,1,7/16/2018 13:54,0
477,13,2,44,0,1,1,1,7/16/2018 14:03,0
478,4,2,25,0,1,1,1,7/16/2018 14:01,0
479,1,1,29,0,1,1,1,7/16/2018 14:03,0
480,9,0,18,0,1,1,1,7/16/2018 14:02,0
481,0,1,24,0,1,1,1,7/16/2018 13:57,0
482,15,0,24,0,1,1,1,7/16/2018 14:02,0
483,0,0,35,0,1,1,1,7/16/2018 14:02,0
484,38,0,6,0,1,1,1,7/16/2018 14:03,0
485,23,1,15,0,1,1,1,7/16/2018 13:56,0
486,1,1,37,0,1,1,1,7/16/2018 14:03,0
487,0,6,30,0,1,1,1,7/16/2018 13:51,0
490,12,0,47,0,1,1,1,7/16/2018 14:03,0
491,25,7,19,0,1,1,0,7/16/2018 14:02,0
492,5,1,55,0,1,1,1,7/16/2018 14:03,0
494,6,0,29,0,1,1,1,7/16/2018 13:56,0
495,0,1,24,0,1,1,1,7/16/2018 13:47,0
496,15,1,31,0,1,1,1,7/16/2018 14:02,0
497,48,0,11,0,1,1,1,7/16/2018 14:03,0
498,0,2,28,0,1,1,1,7/16/2018 13:54,0
499,28,2,6,0,1,1,1,7/16/2018 14:01,1
500,3,3,46,0,1,1,1,7/16/2018 14:03,0
501,2,1,40,0,1,1,1,7/16/2018 14:03,0
502,0,1,29,0,1,1,1,7/16/2018 13:59,0
503,11,0,18,0,1,1,1,7/16/2018 13:49,0
504,6,3,36,0,1,1,1,7/16/2018 13:58,0
505,5,0,31,0,1,1,1,7/16/2018 14:02,0
507,9,0,36,0,1,1,1,7/16/2018 14:03,0
508,0,0,24,0,1,1,1,7/16/2018 13:35,0
509,11,1,24,0,1,1,1,7/16/2018 13:59,0
513,0,0,27,0,1,1,1,7/16/2018 13:56,0
514,11,2,39,0,1,1,1,7/16/2018 14:02,1
515,0,5,30,0,1,1,1,7/16/2018 13:59,0
516,26,2,3,0,1,1,1,7/16/2018 13:56,0
517,0,0,59,0,1,1,1,7/16/2018 13:52,0
518,2,1,36,0,1,1,1,7/16/2018 13:54,0
519,0,1,60,0,1,1,1,7/16/2018 13:57,1
520,32,0,7,0,1,1,1,7/16/2018 14:00,0
522,0,0,2,0,0,0,0,6/27/2018 8:39,0
523,7,3,41,0,1,1,1,7/16/2018 13:55,0
524,49,0,8,0,1,1,1,7/16/2018 14:01,0
525,0,2,37,0,1,1,1,7/16/2018 14:02,0
526,2,2,35,0,1,1,1,7/16/2018 14:01,0
528,14,0,25,0,1,1,1,7/16/2018 14:03,0
529,1,1,39,0,1,1,1,7/16/2018 13:59,0
530,0,1,0,22,1,1,1,7/16/2018 14:01,0
531,1,0,38,0,1,1,1,7/16/2018 14:02,0
532,16,2,25,0,1,1,1,7/16/2018 13:48,1
533,4,0,42,0,1,1,1,7/16/2018 14:02,0
534,23,2,6,0,1,1,1,7/16/2018 13:47,0
536,12,1,16,0,1,1,1,7/16/2018 14:03,0
537,1,3,35,0,1,1,1,7/16/2018 14:03,0
539,27,1,3,0,1,1,1,7/16/2018 13:57,0
540,7,0,23,0,1,1,1,7/16/2018 14:03,0
545,2,2,23,0,1,1,1,7/16/2018 14:03,0
546,0,6,0,2,1,1,1,7/16/2018 14:03,0
2000,29,0,1,0,1,1,1,7/16/2018 14:01,0
2002,10,1,16,0,1,1,1,7/16/2018 14:02,0
2003,1,1,37,0,1,1,1,7/16/2018 14:03,0
2005,11,0,1,0,1,1,1,7/16/2018 13:06,0
2006,32,0,17,0,1,1,1,7/16/2018 14:01,1
2008,24,0,0,0,1,1,1,7/16/2018 14:03,1
2009,0,0,35,0,1,1,1,7/16/2018 14:00,0
2010,36,1,2,0,1,1,1,7/16/2018 14:01,0
2012,4,0,32,0,1,1,1,7/16/2018 14:01,0
2021,0,0,43,0,1,1,1,7/16/2018 14:01,0
2022,4,0,29,0,1,1,1,7/16/2018 12:51,0
2023,34,0,2,0,1,1,1,7/16/2018 13:58,0
3002,19,1,5,0,1,1,1,7/16/2018 14:01,1
3016,30,2,15,0,1,1,1,7/16/2018 13:53,0
3041,2,1,21,0,1,1,1,7/16/2018 13:44,0
3042,6,1,12,0,1,1,1,7/16/2018 13:34,0
3043,1,0,18,0,1,1,1,7/16/2018 13:10,0
3044,2,0,25,0,1,1,1,7/16/2018 11:47,0
3046,2,0,17,0,1,1,1,7/16/2018 13:23,0
3047,2,1,18,0,1,1,1,7/16/2018 13:56,0
3048,1,2,16,0,1,1,1,7/16/2018 11:58,0
3049,1,1,16,0,1,1,1,7/16/2018 14:00,0
3050,0,0,21,0,1,1,1,7/16/2018 12:26,0
3052,1,0,22,0,1,1,1,7/16/2018 13:12,0
3053,2,0,21,0,1,1,1,7/16/2018 14:01,0
3054,0,0,19,0,1,1,1,7/16/2018 13:39,0
3055,0,0,23,0,1,1,1,7/16/2018 13:51,0
3056,10,1,12,0,1,1,1,7/16/2018 13:37,0
3057,0,0,18,0,1,1,1,7/16/2018 13:17,0
3058,0,0,24,0,1,1,1,7/16/2018 11:33,0
3059,0,0,19,0,1,1,1,7/16/2018 11:53,0
3060,0,2,17,0,1,1,1,7/16/2018 13:59,0
3061,0,0,21,0,1,1,1,7/16/2018 13:27,0
3062,3,1,19,0,1,1,1,7/16/2018 13:47,0
3063,0,0,20,0,1,1,1,7/16/2018 8:49,0
3064,1,0,22,0,1,1,1,7/16/2018 13:46,0
3065,9,0,18,0,1,1,1,7/16/2018 12:36,0
3066,2,0,17,0,1,1,1,7/16/2018 14:01,0
3067,22,0,5,0,1,1,1,7/16/2018 13:48,0
3068,24,0,0,0,1,1,1,7/16/2018 13:41,0
3069,11,0,14,0,1,1,1,7/16/2018 13:50,0
3070,15,0,8,0,1,1,1,7/16/2018 13:35,0
3071,1,2,16,0,1,1,1,7/16/2018 13:53,0
3072,10,1,13,0,1,1,1,7/16/2018 13:31,0
3073,0,1,26,0,1,1,1,7/16/2018 11:45,0
3074,0,0,26,0,1,0,0,6/14/2018 13:10,0
3075,0,0,33,0,1,1,1,7/16/2018 11:41,0
3076,3,1,20,0,1,1,1,7/16/2018 13:06,0
3077,2,0,31,0,1,1,1,7/16/2018 14:03,0
3078,1,0,26,0,1,1,1,7/16/2018 14:01,0
3080,5,0,16,0,1,1,1,7/16/2018 12:58,0
3081,2,0,20,1,1,1,1,7/16/2018 13:22,0
3082,2,0,23,0,1,1,1,7/16/2018 14:01,0
3083,4,1,25,0,1,1,1,7/16/2018 13:58,0
3085,12,3,10,0,1,1,1,7/16/2018 10:29,0
3086,4,1,20,0,1,1,1,7/16/2018 13:52,0
3087,1,0,29,0,1,1,1,7/16/2018 13:54,0
3088,4,0,15,0,1,1,1,7/16/2018 14:01,0
3090,26,1,4,0,1,1,1,7/16/2018 14:03,0
3091,0,0,31,0,1,1,1,7/16/2018 13:16,0
3092,18,2,7,0,1,1,1,7/16/2018 13:57,0
3093,23,1,4,0,1,1,1,7/16/2018 13:59,0
3094,1,0,17,0,1,1,1,7/16/2018 13:06,0
3095,0,0,23,0,1,1,1,7/16/2018 8:25,0
3096,4,1,34,0,1,1,1,7/16/2018 13:46,0
3100,1,1,37,0,1,1,1,7/16/2018 13:39,0
3101,10,1,16,0,1,1,1,7/16/2018 13:50,0
3102,0,1,26,0,1,1,1,7/16/2018 13:43,0
3105,8,0,16,0,1,1,1,7/16/2018 13:48,0
3106,0,1,18,0,1,1,1,7/16/2018 13:55,0
3107,2,1,36,0,1,1,1,7/16/2018 14:02,0
3108,0,1,23,0,1,1,1,7/16/2018 13:43,0
3109,5,0,26,0,1,1,1,7/16/2018 13:55,0
3110,4,1,22,0,1,1,1,7/16/2018 13:54,0
3112,28,0,5,0,1,1,1,7/16/2018 13:57,0
3113,12,1,14,0,1,1,1,7/16/2018 13:51,0
3115,2,0,32,0,1,1,1,7/16/2018 13:52,0
3116,25,0,20,0,1,1,1,7/16/2018 13:38,0
3117,4,0,23,0,1,1,1,7/16/2018 13:41,0
3118,2,0,28,0,1,1,1,7/16/2018 13:43,0
3119,39,0,6,0,1,1,1,7/16/2018 14:03,0
3120,13,0,7,0,1,1,1,7/16/2018 13:55,0
3121,2,0,25,0,1,1,1,7/16/2018 13:48,0
3122,2,0,29,0,1,1,1,7/16/2018 12:39,0
3123,19,0,8,0,1,1,1,7/16/2018 13:41,0
3124,2,0,25,0,1,1,1,7/16/2018 13:59,0
3125,10,3,10,0,1,1,1,7/16/2018 13:38,0
3126,20,3,11,0,1,1,1,7/16/2018 13:59,0
3127,17,0,18,0,1,1,1,7/16/2018 13:38,0
3128,7,0,16,0,1,1,1,7/16/2018 11:32,0
3129,9,0,22,0,1,1,1,7/16/2018 13:47,0
3130,13,0,18,0,1,1,1,7/16/2018 14:01,0
3131,1,1,29,0,1,1,1,7/16/2018 14:03,0
3132,28,0,7,0,1,1,1,7/16/2018 14:01,0
3134,9,1,41,0,1,1,1,7/16/2018 13:11,0
3135,0,0,41,0,1,1,1,7/16/2018 13:44,0
3136,11,2,34,0,1,1,1,7/16/2018 13:53,0
3137,9,3,19,0,1,1,1,7/16/2018 14:01,0
3139,1,1,41,0,1,1,1,7/16/2018 13:58,0
3140,8,0,47,0,1,1,1,7/16/2018 13:58,0
3141,46,1,12,0,1,1,1,7/16/2018 13:59,0
3142,5,0,36,0,1,1,1,7/16/2018 13:57,0
3143,4,0,43,0,1,1,1,7/16/2018 13:58,0
3144,0,0,46,0,1,1,1,7/16/2018 12:00,0
3145,3,0,41,1,1,1,1,7/16/2018 13:58,0
3146,4,0,43,0,1,1,1,7/16/2018 13:45,0
3147,2,1,35,0,1,1,1,7/16/2018 13:58,0
3148,5,0,26,0,1,1,1,7/16/2018 14:01,0
3150,2,0,45,0,1,1,1,7/16/2018 13:57,0
3151,1,0,42,0,1,1,1,7/16/2018 14:01,0
3152,1,0,40,0,1,1,1,7/16/2018 13:36,0
3155,8,0,31,0,1,1,1,7/16/2018 13:33,0
3156,2,0,35,0,1,1,1,7/16/2018 14:00,0
3157,1,0,26,0,1,1,1,7/16/2018 13:51,0
3158,2,1,28,0,1,1,1,7/16/2018 14:00,0
3159,7,1,23,0,1,1,1,7/16/2018 13:59,0
3160,9,1,29,0,1,1,1,7/16/2018 14:00,1
3161,39,0,20,0,1,1,1,7/16/2018 14:02,0
3162,0,0,39,0,1,1,1,7/16/2018 11:53,0
3163,0,2,40,1,1,1,1,7/16/2018 13:52,1
3164,5,3,59,0,1,1,1,7/16/2018 13:50,0
3165,14,7,30,0,1,1,1,7/16/2018 13:57,1
3166,0,2,39,0,1,1,1,7/16/2018 13:44,0
3167,8,9,25,13,1,1,1,7/16/2018 14:03,0
3168,4,3,24,0,1,1,1,7/16/2018 14:02,1
3169,1,4,34,0,1,1,1,7/16/2018 14:02,0
3170,0,1,34,0,1,1,1,7/16/2018 13:58,0
3171,0,0,39,0,1,1,1,7/16/2018 13:41,0
3172,4,0,23,0,1,1,1,7/16/2018 13:59,0
3173,1,1,37,0,1,1,1,7/16/2018 13:45,0
3175,0,0,1,0,1,0,0,6/4/2018 8:53,0
3176,2,0,41,0,1,1,1,7/16/2018 14:03,0
3177,0,0,63,0,1,1,1,7/16/2018 13:45,0
3178,2,0,37,0,1,1,1,7/16/2018 14:02,0
3179,6,0,17,0,1,1,1,7/16/2018 14:02,0
3180,19,0,12,0,1,1,1,7/16/2018 13:27,0
3182,35,1,6,0,1,1,1,7/16/2018 13:56,0
3183,26,1,2,0,1,1,1,7/16/2018 13:50,0
3184,12,0,2,0,1,1,1,7/16/2018 13:49,0
3185,19,0,3,0,1,1,1,7/16/2018 13:15,0
3186,27,2,13,0,1,1,1,7/16/2018 13:59,0
3187,3,0,18,1,1,1,1,7/16/2018 13:38,0
3191,9,1,8,0,1,1,1,7/16/2018 13:17,0
3192,2,0,19,1,1,1,1,7/16/2018 12:17,0
3193,6,1,11,0,1,1,1,7/16/2018 12:12,0
3194,7,0,15,0,1,1,1,7/16/2018 13:52,0
3195,34,0,4,0,1,1,1,7/16/2018 13:32,0
3196,4,0,14,0,1,1,1,7/16/2018 13:41,0
3198,8,0,10,0,1,1,1,7/16/2018 13:39,0
3199,8,1,5,0,1,1,1,7/16/2018 13:24,0
3201,5,0,13,0,1,1,1,7/16/2018 11:43,0
3202,11,4,3,0,1,1,1,7/16/2018 13:57,0
3203,11,2,13,0,1,1,1,7/16/2018 14:02,0
3205,1,0,21,0,1,1,1,7/16/2018 13:57,0
3206,3,0,23,0,1,1,1,7/16/2018 13:21,0
3207,3,0,23,0,1,1,1,7/16/2018 13:33,0
3209,5,0,17,0,1,1,1,7/16/2018 13:48,0
3210,4,0,14,0,1,1,1,7/16/2018 13:00,0
3211,6,0,15,1,1,1,1,7/16/2018 13:42,0
3212,2,1,19,0,1,1,1,7/16/2018 11:29,0
3213,17,0,4,0,1,1,1,7/16/2018 13:04,0
3214,6,1,14,1,1,1,1,7/16/2018 13:28,0
3220,7,1,10,0,1,1,1,7/16/2018 13:38,0
3221,21,4,2,0,1,1,1,7/16/2018 13:28,0
3223,30,0,23,0,1,0,0,7/16/2018 13:50,0
3225,4,1,8,1,1,1,1,7/16/2018 13:55,0
3226,20,2,23,0,1,1,1,7/16/2018 14:02,1
3231,0,1,38,0,1,1,1,7/16/2018 13:26,0
3232,16,0,15,0,1,1,1,7/16/2018 13:55,0
3233,33,1,5,0,1,1,1,7/16/2018 14:03,0
3235,0,0,31,0,1,1,1,7/16/2018 13:50,0
3236,0,0,33,0,1,1,1,7/16/2018 14:00,0
3241,3,1,15,0,1,1,1,7/16/2018 14:00,0
3242,0,0,32,0,0,0,0,6/27/2018 12:01,0
3243,3,0,26,0,1,1,1,7/16/2018 14:03,0
3244,14,0,17,0,1,1,1,7/16/2018 13:54,0
3249,8,0,11,0,1,1,1,7/16/2018 13:21,0
3254,18,3,8,0,1,1,1,7/16/2018 13:46,0
3255,18,0,1,0,1,1,1,7/16/2018 14:01,0
3256,16,0,6,0,1,1,1,7/16/2018 13:52,0
3258,1,4,32,0,1,1,1,7/16/2018 13:57,0
3259,2,5,20,0,1,1,1,7/16/2018 13:57,0
3260,14,3,14,0,1,1,1,7/16/2018 14:00,0
3263,2,2,55,0,1,1,1,7/16/2018 13:48,0
3267,3,2,9,0,1,1,1,7/16/2018 13:36,0
3268,1,0,13,0,1,1,1,7/16/2018 12:35,0
3269,2,0,12,0,1,1,1,7/16/2018 13:02,0
3270,7,0,7,0,1,1,1,7/16/2018 11:51,0
3272,1,0,13,0,1,1,1,7/16/2018 13:12,0
3273,9,0,9,0,1,1,1,7/16/2018 13:28,0
3275,5,2,7,0,1,1,1,7/16/2018 13:45,0
3276,14,1,11,0,1,1,1,7/16/2018 13:43,0
3277,5,1,8,0,1,1,1,7/16/2018 13:49,0
3278,3,0,11,0,1,1,1,7/16/2018 10:21,0
3279,5,1,12,0,1,1,1,7/16/2018 13:42,0
3280,10,0,4,0,1,1,1,7/16/2018 12:23,0
3281,4,0,10,0,1,1,1,7/16/2018 11:02,0
3282,22,2,14,0,1,1,1,7/16/2018 13:59,1
3283,6,1,39,1,1,1,1,7/16/2018 14:00,0
3284,3,0,35,0,1,1,1,7/16/2018 14:03,0
3285,0,2,41,0,1,1,1,7/16/2018 14:01,0
3288,0,0,39,0,1,1,1,7/16/2018 13:48,0
3289,1,1,30,0,1,1,1,7/16/2018 13:55,0
3290,0,0,3,0,1,0,0,4/30/2018 6:48,0
3292,9,0,34,0,1,1,1,7/16/2018 13:59,1
3293,0,0,24,0,1,1,1,7/16/2018 12:45,0
3294,5,0,33,0,1,1,1,7/16/2018 13:39,1
3295,2,2,54,1,1,1,1,7/16/2018 14:00,1
3296,7,0,35,0,1,1,1,7/16/2018 13:57,0
3297,2,0,19,0,1,1,1,7/16/2018 13:54,0
3298,19,0,4,0,1,1,1,7/16/2018 13:44,0
3299,4,0,21,0,1,1,1,7/16/2018 13:53,0
3300,0,0,25,0,1,1,1,7/16/2018 12:21,1
3301,1,1,37,0,1,1,1,7/16/2018 13:56,0
3302,1,0,21,0,1,1,1,7/16/2018 13:29,0
3303,18,0,7,0,1,1,1,7/16/2018 12:33,0
3304,1,1,25,0,1,1,1,7/16/2018 13:59,0
3305,1,0,38,0,1,1,1,7/16/2018 13:56,0
3306,0,0,23,0,1,1,1,7/16/2018 9:22,0
3307,1,1,29,0,1,1,1,7/16/2018 13:56,0
3308,6,0,21,0,1,1,1,7/16/2018 14:03,0
3309,0,1,29,0,1,1,1,7/16/2018 13:56,0
3310,1,1,22,0,1,1,1,7/16/2018 13:51,0
3311,10,0,11,0,1,1,1,7/16/2018 13:54,0
3312,2,0,37,0,1,1,1,7/16/2018 14:00,0
3313,1,1,27,0,1,1,1,7/16/2018 12:58,0
3314,0,1,31,0,1,1,1,7/16/2018 13:02,0
3315,1,1,21,0,1,1,1,7/16/2018 13:37,0
3317,17,0,7,0,1,1,1,7/16/2018 12:12,0
3318,13,1,25,0,1,1,1,7/16/2018 13:57,0
3319,9,1,11,0,1,1,1,7/16/2018 13:47,0
3320,4,2,43,0,1,1,1,7/16/2018 14:00,1
3321,2,0,23,0,1,1,1,7/16/2018 13:57,0
3322,6,0,19,0,1,1,1,7/16/2018 13:58,0
3323,23,1,35,0,1,1,1,7/16/2018 14:02,1
3324,16,1,8,0,1,1,1,7/16/2018 13:53,0
3326,18,0,3,0,1,1,1,7/16/2018 11:55,0
3327,1,0,26,0,1,1,1,7/16/2018 12:51,0
3328,1,1,37,0,1,1,1,7/16/2018 13:54,0
3329,17,0,10,0,1,1,1,7/16/2018 13:16,0
3330,13,1,5,0,1,1,1,7/16/2018 13:57,0
3331,3,3,33,0,1,1,1,7/16/2018 13:39,0
3332,14,0,5,0,1,1,1,7/16/2018 13:37,0
3333,15,0,6,0,1,1,1,7/16/2018 13:22,0
3335,5,1,22,0,1,1,1,7/16/2018 13:59,0
3336,5,0,36,0,1,1,1,7/16/2018 14:00,0
3337,22,0,1,0,1,1,1,7/16/2018 12:52,0
3338,3,0,27,1,1,1,1,7/16/2018 14:02,0
3339,7,0,16,0,1,1,1,7/16/2018 13:45,0
3340,17,0,4,0,1,1,1,7/16/2018 13:09,0
3341,2,0,39,0,1,1,1,7/16/2018 13:44,1
3342,0,0,23,0,1,1,1,7/16/2018 12:53,0
3343,6,0,17,0,1,1,1,7/16/2018 13:30,0
3344,6,0,13,0,1,1,1,7/16/2018 13:36,0
3345,30,1,4,0,1,1,1,7/16/2018 14:02,0
3346,0,0,29,0,1,1,1,7/16/2018 13:56,0
3347,11,1,9,0,1,1,1,7/16/2018 12:53,0
3348,19,0,0,0,1,1,1,7/16/2018 13:49,0
3349,0,1,29,0,1,1,1,7/16/2018 13:38,0
3350,0,0,39,0,1,1,1,7/16/2018 13:56,0
3351,4,0,21,0,1,1,1,7/16/2018 13:56,0
3352,16,1,4,0,1,1,1,7/16/2018 13:11,0
3354,2,0,29,0,1,1,1,7/16/2018 13:37,1
3355,1,1,23,0,1,1,1,7/16/2018 13:17,0
3356,1,1,19,0,1,1,1,7/16/2018 14:01,0
3357,1,1,33,0,1,1,1,7/16/2018 13:59,0
3358,3,0,21,1,1,1,1,7/16/2018 13:39,0
3359,28,0,7,0,1,1,1,7/16/2018 13:50,0
3360,1,0,24,0,1,1,1,7/16/2018 14:02,0
3361,0,0,23,0,1,1,1,7/16/2018 13:20,0
3362,2,0,32,0,1,1,1,7/16/2018 14:03,0
3363,10,1,22,0,1,1,1,7/16/2018 13:32,0
3364,11,1,15,0,1,1,1,7/16/2018 13:52,0
3365,1,0,26,0,1,1,1,7/16/2018 13:59,0
3366,0,1,30,0,1,1,1,7/16/2018 13:46,0
3367,21,0,18,0,1,1,1,7/16/2018 13:57,1
3368,4,1,25,0,1,1,1,7/16/2018 14:02,0
3369,3,0,26,0,1,1,1,7/16/2018 14:01,0
3370,2,0,23,0,1,1,1,7/16/2018 13:57,0
3371,21,2,4,0,1,1,1,7/16/2018 14:03,0
3372,2,0,37,0,1,1,1,7/16/2018 13:30,0
3373,25,0,2,0,1,1,1,7/16/2018 14:02,0
3374,11,3,22,0,1,1,1,7/16/2018 13:57,1
3375,2,0,33,0,1,1,1,7/16/2018 13:58,0
3376,2,0,37,0,1,1,1,7/16/2018 13:50,0
3377,0,0,25,0,1,0,0,7/16/2018 11:15,0
3378,0,1,27,0,1,1,1,7/16/2018 14:03,0
3379,21,0,14,0,1,1,1,7/16/2018 14:00,0
3381,0,0,3,0,0,0,0,6/28/2018 9:04,0
3382,14,1,16,0,1,1,1,7/16/2018 13:57,0
3383,0,2,23,0,1,1,1,7/16/2018 13:39,0
3384,10,0,15,0,1,1,1,7/16/2018 14:03,0
3386,3,0,24,0,1,1,1,7/16/2018 13:47,0
3387,9,0,16,0,1,1,1,7/16/2018 13:48,0
3388,14,1,10,0,1,1,1,7/16/2018 13:17,0
3389,12,1,15,0,1,1,1,7/16/2018 13:58,0
3390,13,0,11,0,1,1,1,7/16/2018 13:45,0
3391,17,0,8,0,1,1,1,7/16/2018 12:32,0
3392,11,0,8,0,1,1,1,7/16/2018 13:34,0
3393,1,0,18,0,1,1,1,7/16/2018 12:16,0
3394,6,0,15,0,1,1,1,7/16/2018 11:28,0
3396,7,1,17,0,1,1,1,7/16/2018 13:45,0
3397,14,4,6,1,1,1,1,7/16/2018 13:50,0
3398,12,0,11,0,1,1,1,7/16/2018 13:58,0
3399,8,1,15,0,1,1,1,7/16/2018 13:34,0
3400,4,0,20,0,1,1,1,7/16/2018 13:50,1
3401,15,0,4,0,1,1,1,7/16/2018 14:03,0
3402,11,0,12,0,1,1,1,7/16/2018 14:03,0
3403,26,0,5,0,1,1,1,7/16/2018 13:54,0
3404,19,0,8,0,1,1,1,7/16/2018 13:45,0
3405,0,0,23,0,1,1,1,7/16/2018 11:02,0
3407,14,0,9,0,1,1,1,7/16/2018 13:46,0
3408,20,0,7,0,1,1,1,7/16/2018 13:57,0
3409,26,0,9,0,1,0,0,7/16/2018 13:59,0
3410,5,0,26,0,1,1,1,7/16/2018 12:43,0
3411,3,0,24,0,1,1,1,7/16/2018 14:03,0
3412,2,1,15,0,1,1,1,7/16/2018 13:55,0
3413,0,1,21,0,1,1,1,7/16/2018 11:06,0
3414,13,3,17,0,1,1,1,7/16/2018 13:55,0
3415,3,0,22,0,1,1,1,7/16/2018 13:36,0
3417,19,1,7,0,1,1,1,7/16/2018 13:59,0
3418,0,1,32,0,1,1,1,7/16/2018 13:45,1
3419,20,1,6,0,1,1,1,7/16/2018 13:49,0
3420,13,0,8,0,1,1,1,7/16/2018 13:52,0
3421,16,0,7,0,1,1,1,7/16/2018 13:28,0
3422,9,0,12,0,1,1,1,7/16/2018 14:03,0
3423,0,3,26,0,1,1,1,7/16/2018 13:52,1
3424,24,0,3,0,1,1,1,7/16/2018 13:36,0
3425,2,1,30,0,1,1,1,7/16/2018 13:57,0
3427,18,4,18,0,1,1,1,7/16/2018 14:01,0
3429,9,3,27,0,1,1,1,7/16/2018 13:54,0
3430,2,1,16,0,1,1,1,7/16/2018 13:42,0
3431,9,0,14,0,1,1,1,7/16/2018 13:49,0
3435,3,1,41,0,1,1,1,7/16/2018 14:03,0
3437,1,0,38,0,1,1,1,7/16/2018 13:57,0
3438,1,0,30,0,1,1,1,7/16/2018 13:11,0
3440,18,2,23,0,1,1,1,7/16/2018 13:52,0
3443,16,1,24,0,1,1,1,7/16/2018 14:02,0
3447,0,0,3,0,0,0,0,6/6/2018 8:43,0
3449,1,0,17,0,1,1,1,7/16/2018 13:45,0
3452,0,0,43,0,1,1,1,7/16/2018 13:52,0
3453,0,1,0,3,0,0,0,6/12/2018 11:07,0
3454,3,0,21,0,1,1,1,7/16/2018 13:35,0
3456,0,0,22,0,1,1,1,7/16/2018 14:02,0
3457,44,0,2,0,1,1,1,7/16/2018 13:57,0
3458,33,1,5,1,1,1,1,7/16/2018 14:03,0
3459,20,0,14,0,1,1,1,7/16/2018 13:56,0
3461,29,1,3,0,1,1,1,7/16/2018 13:52,0
3462,32,2,5,0,1,1,1,7/16/2018 14:03,0
3463,1,0,36,0,1,1,1,7/16/2018 14:01,0
3466,17,1,16,0,1,1,1,7/16/2018 14:03,0
3467,40,1,1,0,1,1,1,7/16/2018 13:57,0
3469,22,1,0,0,1,1,1,7/16/2018 13:40,0
3472,36,2,1,0,1,1,1,7/16/2018 14:01,0
3474,30,5,1,0,1,1,1,7/16/2018 13:54,0
3476,0,3,0,0,1,0,0,1/5/2018 11:43,0
3477,22,0,11,0,1,1,1,7/16/2018 11:20,0
3478,36,0,7,0,1,1,1,7/16/2018 12:39,0
3479,27,2,16,0,1,1,1,7/16/2018 13:32,0
3481,9,1,12,0,1,1,1,7/16/2018 13:33,0
3483,1,0,13,0,1,1,1,7/16/2018 13:37,0
3486,23,0,7,0,1,1,1,7/16/2018 13:46,0
3489,30,0,1,0,1,1,1,7/16/2018 13:29,1
3490,21,0,10,0,1,1,1,7/16/2018 13:26,0
3491,12,1,11,0,1,1,1,7/16/2018 13:59,0
3492,5,0,22,0,1,1,1,7/16/2018 13:47,0
3493,3,1,27,0,1,1,1,7/16/2018 13:24,0
3494,18,1,6,0,1,1,1,7/16/2018 13:51,0
3495,21,1,4,0,1,1,1,7/16/2018 13:57,0
3496,10,1,14,0,1,1,1,7/16/2018 12:58,0
3497,5,0,18,0,1,1,1,7/16/2018 13:47,0
3498,19,1,1,0,1,1,1,7/16/2018 13:36,0
3499,1,1,23,0,1,1,1,7/16/2018 13:27,0
3500,14,1,16,0,1,1,1,7/16/2018 13:50,0
3501,2,0,27,0,1,1,1,7/16/2018 12:39,0
3502,27,1,1,0,1,1,1,7/16/2018 13:35,0
3503,0,0,30,0,1,1,1,7/16/2018 12:27,0
3504,9,0,18,0,1,1,1,7/16/2018 12:41,0
3505,13,0,20,0,1,1,1,7/16/2018 13:30,0
3506,5,0,24,0,1,1,1,7/16/2018 13:29,0
3507,14,1,21,0,1,1,1,7/16/2018 13:47,0
3508,12,0,19,0,1,1,1,7/16/2018 13:33,0
3509,6,0,25,0,1,1,1,7/16/2018 14:03,0
3510,1,0,30,0,1,1,1,7/16/2018 13:39,0
3511,0,0,22,0,1,1,1,7/16/2018 11:34,0
3512,12,0,7,0,1,1,1,7/16/2018 10:00,0
3513,7,0,14,0,1,1,1,7/16/2018 13:54,0
3514,12,0,11,0,1,1,1,7/16/2018 13:25,0
3515,2,0,17,0,1,1,1,7/16/2018 13:39,0
3516,6,0,25,0,1,1,1,7/16/2018 13:58,0
3517,18,1,16,0,1,1,1,7/16/2018 13:40,0
3518,7,0,27,0,1,1,1,7/16/2018 14:00,0
3520,1,1,25,0,1,1,1,7/16/2018 13:56,0
3521,2,1,33,0,1,1,1,7/16/2018 14:01,0
3522,0,0,19,0,1,1,1,7/16/2018 12:23,0
3523,1,1,23,0,1,1,1,7/16/2018 13:41,0
3524,1,0,22,0,1,1,1,7/16/2018 13:46,0
3525,1,1,19,0,1,1,1,7/16/2018 12:31,0
3526,13,1,13,0,1,1,1,7/16/2018 13:44,0
3527,1,1,25,0,1,1,1,7/16/2018 13:50,0
3528,10,0,11,0,1,1,1,7/16/2018 13:31,0
3529,7,0,18,0,1,1,1,7/16/2018 13:41,0
3530,0,0,19,0,1,1,1,7/16/2018 13:41,0
3531,1,0,26,0,1,1,1,7/16/2018 13:41,0
3532,2,1,24,0,1,1,1,7/16/2018 13:10,0
3533,18,1,15,0,1,1,1,7/16/2018 13:35,0
3534,2,3,6,28,1,1,1,7/16/2018 14:02,0
3535,5,0,22,0,1,1,1,7/16/2018 13:55,0
3536,8,0,35,0,1,1,1,7/16/2018 13:45,0
3537,0,1,28,0,1,1,1,7/16/2018 12:53,0
3538,15,0,30,0,1,1,1,7/16/2018 14:02,0
3539,6,0,37,0,1,1,1,7/16/2018 13:31,0
3540,14,0,21,0,1,1,1,7/16/2018 14:01,0
3541,14,1,24,0,1,1,1,7/16/2018 13:44,0
3542,2,0,27,0,1,1,1,7/16/2018 13:25,0
3543,8,0,27,0,1,1,1,7/16/2018 12:23,0
3544,1,0,26,0,1,1,1,7/16/2018 13:07,0
3545,29,2,2,0,1,1,1,7/16/2018 13:41,0
3546,0,0,21,0,1,1,1,7/16/2018 10:41,0
3547,20,1,20,0,1,1,1,7/16/2018 13:44,0
3549,1,1,23,0,1,1,1,7/16/2018 13:31,0
3551,12,0,11,0,1,1,1,7/16/2018 13:54,0
3552,9,0,30,0,1,1,1,7/16/2018 14:03,0
3553,0,1,36,0,1,1,1,7/16/2018 13:09,0
3554,3,0,24,0,1,1,1,7/16/2018 13:53,0
3555,12,0,15,0,1,1,1,7/16/2018 13:39,0
3556,4,1,14,0,1,1,1,7/16/2018 13:11,0
3557,8,0,11,0,1,1,1,7/16/2018 8:12,0
3558,2,0,25,0,1,1,1,7/16/2018 13:29,0
3559,3,0,16,0,1,1,1,7/16/2018 13:54,0
3560,2,0,17,0,1,1,1,7/16/2018 13:18,0
3561,7,0,19,0,1,1,1,7/16/2018 13:13,0
3562,0,4,23,0,1,1,1,7/16/2018 12:44,0
3563,2,0,19,0,1,1,1,7/16/2018 13:51,0
3564,0,0,19,0,1,1,1,7/16/2018 13:10,0
3565,15,0,4,0,1,1,1,7/16/2018 11:01,0
3566,5,1,19,0,1,1,1,7/16/2018 14:03,0
3567,7,0,12,0,1,1,1,7/16/2018 9:30,0
3568,0,1,19,1,1,1,1,7/16/2018 13:25,0
3569,0,2,27,0,1,1,1,7/16/2018 13:58,0
3570,3,0,28,0,1,1,1,7/16/2018 13:02,0
3571,0,0,24,0,1,1,1,7/16/2018 12:59,0
3572,4,0,29,0,1,1,1,7/16/2018 13:20,0
3573,1,0,24,0,1,1,1,7/16/2018 13:17,0
3574,0,0,23,0,1,1,1,7/16/2018 13:49,0
3575,0,1,18,0,1,1,1,7/16/2018 13:15,0
3576,1,1,25,0,1,1,1,7/16/2018 13:43,0
3577,0,0,23,0,1,1,1,7/16/2018 10:26,0
3578,1,0,20,0,1,1,1,7/16/2018 14:03,0
3579,1,2,22,0,1,1,1,7/16/2018 14:01,0
3580,0,0,30,0,1,1,1,7/16/2018 13:35,0
3581,1,4,22,0,1,1,1,7/16/2018 13:24,0
3582,0,0,28,0,1,1,1,7/16/2018 12:16,0
3583,0,0,31,0,1,1,1,7/16/2018 13:00,0
3584,0,0,42,0,1,1,1,7/16/2018 10:23,0
3585,0,0,24,0,1,1,1,7/16/2018 9:56,0
3586,0,0,19,0,1,1,1,7/16/2018 9:12,0
3587,0,1,26,0,1,1,1,7/16/2018 10:11,0
3588,14,1,6,0,1,1,1,7/16/2018 12:57,0
3589,7,1,11,0,1,1,1,7/16/2018 13:30,0
3590,3,0,16,0,1,1,1,7/16/2018 13:55,0
3591,0,0,21,0,1,1,1,7/16/2018 12:50,0
3592,1,0,11,0,1,1,1,7/16/2018 13:40,0
3593,1,1,33,0,1,1,1,7/16/2018 13:15,0
3595,0,1,15,2,1,1,1,7/16/2018 14:02,0
3596,16,1,2,0,1,1,1,7/16/2018 14:00,0
3597,11,2,12,0,1,1,1,7/16/2018 13:58,0
3598,1,0,18,0,1,1,1,7/16/2018 13:17,0
3599,24,0,3,0,1,1,1,7/16/2018 14:03,0
3601,13,2,4,0,1,1,1,7/16/2018 13:27,0
3602,2,0,21,0,1,1,1,7/16/2018 13:08,0
3603,2,0,19,0,1,1,1,7/16/2018 13:52,0
3604,4,0,13,0,1,1,1,7/16/2018 13:58,0
3605,1,0,20,0,1,1,1,7/16/2018 13:52,0
3606,2,0,19,0,1,1,1,7/16/2018 13:03,0
3607,6,1,12,0,1,1,1,7/16/2018 11:55,0
3608,2,1,18,0,1,1,1,7/16/2018 12:28,0
3609,18,0,5,0,1,1,1,7/16/2018 13:05,0
3610,26,0,1,0,1,1,1,7/16/2018 13:31,0
3611,4,1,30,0,1,1,1,7/16/2018 12:27,0
3612,1,0,14,0,1,1,1,7/16/2018 13:20,0
3613,2,1,24,0,1,1,1,7/16/2018 13:35,0
3614,1,3,19,0,1,1,1,7/16/2018 14:02,0
3615,9,0,12,0,1,1,1,7/16/2018 13:52,0
3616,2,0,23,0,1,1,1,7/16/2018 13:23,0
3617,0,0,25,0,1,1,1,7/16/2018 14:01,0
3618,0,0,25,0,1,1,1,7/16/2018 13:55,0
3619,0,0,19,0,1,1,1,7/16/2018 10:11,0
3620,2,0,21,0,1,1,1,7/16/2018 11:38,0
3621,1,0,18,0,1,1,1,7/16/2018 13:52,0
3622,2,0,13,0,1,1,1,7/16/2018 13:45,0
3623,8,0,31,0,1,1,1,7/16/2018 13:45,0
3625,2,0,20,0,1,1,1,7/16/2018 13:48,0
3628,3,0,28,0,1,1,1,7/16/2018 13:45,0
3629,7,0,26,0,1,1,1,7/16/2018 13:06,0
3631,5,0,22,0,1,1,1,7/16/2018 13:05,0
3632,0,2,31,0,1,1,1,7/16/2018 13:49,0
3635,1,0,40,0,1,1,1,7/16/2018 13:49,0
3637,4,0,27,0,1,1,1,7/16/2018 13:47,0
3638,11,2,5,0,1,1,1,7/16/2018 13:58,0
3639,10,1,19,0,1,1,1,7/16/2018 13:42,0
3640,14,0,4,0,1,1,1,7/16/2018 12:49,0
3641,30,1,23,0,1,0,0,7/16/2018 14:02,0
3646,5,1,20,0,1,1,1,7/16/2018 13:39,0
3647,10,0,13,0,1,1,1,7/16/2018 13:55,0
3648,22,1,2,0,1,1,1,7/16/2018 12:48,0
3649,12,2,16,0,1,1,1,7/16/2018 13:59,0
3653,0,1,18,0,1,1,1,7/16/2018 11:32,0
3654,3,0,32,0,1,1,1,7/16/2018 13:36,0
3656,0,0,31,0,1,1,1,7/16/2018 13:32,0
3658,0,0,3,0,0,0,0,6/28/2018 10:52,0
3659,22,2,1,0,1,1,1,7/16/2018 13:57,0
3660,8,2,29,0,1,1,1,7/16/2018 14:03,0
3661,4,1,14,0,1,1,1,7/16/2018 13:42,0
3662,1,0,20,0,1,1,1,7/16/2018 13:20,0
3663,0,0,1,2,1,0,0,7/11/2018 11:36,0
3664,17,1,12,0,1,1,1,7/16/2018 14:03,0
3666,0,0,35,0,1,1,1,7/16/2018 13:59,0
3668,0,0,26,0,1,1,1,7/16/2018 13:44,0
3669,9,0,10,0,1,1,1,7/16/2018 12:35,0
3671,16,0,21,0,1,1,1,7/16/2018 13:52,0
3673,0,0,21,0,1,1,1,7/16/2018 10:14,0
3674,23,4,0,0,1,1,1,7/16/2018 13:45,0
3675,1,1,29,0,1,1,1,7/16/2018 13:34,0
3676,10,0,14,0,1,1,1,7/16/2018 13:12,0
3677,3,0,13,2,1,1,1,7/16/2018 13:56,0
3678,7,0,11,0,1,1,1,7/16/2018 13:20,0
3679,4,1,9,0,1,1,1,7/16/2018 12:03,0
3680,28,1,26,0,1,1,1,7/16/2018 14:00,0
3681,8,0,10,0,1,1,1,7/16/2018 13:55,0
3684,2,0,41,0,1,1,1,7/16/2018 14:00,0
3686,2,1,35,1,1,1,1,7/16/2018 14:03,0
3687,3,0,56,0,1,1,1,7/16/2018 14:02,0
3688,7,0,22,0,1,1,1,7/16/2018 13:47,0
3689,1,0,46,0,1,1,1,7/16/2018 13:39,0
3690,35,0,1,0,1,1,1,7/16/2018 14:00,0
3691,1,1,17,0,1,1,1,7/16/2018 13:07,0
3692,15,0,0,0,1,1,1,7/16/2018 8:56,0
3693,12,0,15,0,1,1,1,7/16/2018 14:03,0
3694,5,0,13,0,1,1,1,7/16/2018 13:58,0
